lesson,mold1_ru,mold1_en,mold2_ru,mold2_en,m1_ex1_ru,m1_ex1_en,m1_ex2_ru,m1_ex2_en,m1_ex3_ru,m1_ex3_en,m1_ex4_ru,m1_ex4_en,m1_ex5_ru,m1_ex5_en,m2_ex1_ru,m2_ex1_en,m2_ex2_ru,m2_ex2_en,m2_ex3_ru,m2_ex3_en,m2_ex4_ru,m2_ex4_en,m2_ex5_ru,m2_ex5_en,exercise,tags
1,"(кто-то) вроде понимает, что…",(someone) kind of understands that…,Не стоит + инфинитив,It's not worth… / one shouldn't…,"он вроде понимает, что мы справимся.",he kind of understands that we'll manage.,"я вроде понимает, что мне нужно больше времени.",I kind of understands that I need more time.,"ты вроде понимает, что это не так страшно.",you kind of understands that it's not that scary.,"мы вроде понимает, что он просто устал.",we kind of understands that he's just tired.,"она вроде понимает, что мне нужно больше времени.",she kind of understands that I need more time.,Не стоит записать аудио,It's not worth record audio / one shouldn't…,Не стоит лечь спать пораньше,It's not worth go to bed earlier / one shouldn't…,Не стоит выйти на прогулку,It's not worth go for a walk / one shouldn't…,Не стоит повторить ещё раз,It's not worth repeat again / one shouldn't…,Не стоит поговорить с ним,It's not worth talk to him / one shouldn't…,"Bad day (≤5 min):
• Read both molds once.
• Listen to 2 examples per mold.
• Say them out loud once.

Normal (10–25 min):
1) Input (3–5 min): Listen + read all examples.
2) Controlled output (3–7 min): Change 2 examples per mold.
3) Free output (3–7 min): Write 2–4 NEW sentences using BOTH molds.
4) Proof (1–2 min): Record 10–15s reading your sentences aloud.
Save as: L001.m4a",SoarSystem::L001
2,"Прикол в том, что…",The funny thing is that…,Пора + инфинитив,It's time to…,"Прикол в том, что это не так страшно.",The funny thing is that it's not that scary.,"Прикол в том, что он просто устал?",The funny thing is that he's just tired.,"Прикол в том, что я не хочу спорить.",The funny thing is that I don't want to argue.,"Прикол в том, что он просто устал.",The funny thing is that he's just tired.,"Прикол в том, что я не хочу спорить.",The funny thing is that I don't want to argue.,Пора поговорить с ней,It's time to talk to her,Пора начать учиться,It's time to start studying,Пора перестать откладывать,It's time to stop procrastinating,Пора проверить это,It's time to check it,Пора повторить ещё раз,It's time to repeat again,"Bad day (≤5 min):
• Read both molds once.
• Listen to 2 examples per mold.
• Say them out loud once.

Normal (10–25 min):
1) Input (3–5 min): Listen + read all examples.
2) Controlled output (3–7 min): Change 2 examples per mold.
3) Free output (3–7 min): Write 2–4 NEW sentences using BOTH molds.
4) Proof (1–2 min): Record 10–15s reading your sentences aloud.
Save as: L002.m4a",SoarSystem::L002
3,"Как только… , …","As soon as…, …","(кто-то) точно надеется, что…",(someone) definitely hopes that…,"До того как я усну, я сделаю 5 минут.","Before I fall asleep, I'll do 5 minutes.","Хотя я устал(а), я всё равно начну.","Although I'm tired, I'll still start.","Когда я прихожу домой, я сразу тянусь к телефону.","When I get home, I reach for my phone.","Если получится, я сделаю минимум.","If it works out, I'll do the minimum.","После того как я поем, я запишу короткое аудио.","After I eat, I'll record a short audio.","она точно надеется, что это хорошая идея.",she definitely hopes that it's a good idea.,"ты точно надеется, что он просто устал?",you definitely hopes that he's just tired.,"мы точно надеется, что мы справимся.",we definitely hopes that we'll manage.,"они точно надеется, что мне нужно больше времени.",they definitely hopes that I need more time.,"он точно надеется, что он просто устал.",he definitely hopes that he's just tired.,"Bad day (≤5 min):
• Read both molds once.
• Listen to 2 examples per mold.
• Say them out loud once.

Normal (10–25 min):
1) Input (3–5 min): Listen + read all examples.
2) Controlled output (3–7 min): Change 2 examples per mold.
3) Free output (3–7 min): Write 2–4 NEW sentences using BOTH molds.
4) Proof (1–2 min): Record 10–15s reading your sentences aloud.
Save as: L003.m4a",SoarSystem::L003
4,Можно ещё раз?,Can you repeat?,"(кто-то) чувствует, что…",(someone) feels that…,Что ты имеешь в виду?,What do you mean?,"Можно ещё раз, но помедленнее?","Can you repeat, but slower?",Что это значит в обычной речи?,What does this mean in everyday speech?,Можно вопрос? Я запутался/запуталась.,Can I ask a question? I'm confused.,Как сказать «мне лень» по-русски?,How do you say 'I can't be bothered' in Russian?,"ты чувствует, что он просто устал.",you feels that he's just tired.,"он чувствует, что он просто устал.",he feels that he's just tired.,"я чувствует, что всё зависит от ситуации.",I feels that it depends on the situation.,"мы чувствует, что мне нужно больше времени.",we feels that I need more time.,"они чувствует, что мы справимся.",they feels that we'll manage.,"Bad day (≤5 min):
• Read both molds once.
• Listen to 2 examples per mold.
• Say them out loud once.

Normal (10–25 min):
1) Input (3–5 min): Listen + read all examples.
2) Controlled output (3–7 min): Change 2 examples per mold.
3) Free output (3–7 min): Write 2–4 NEW sentences using BOTH molds.
4) Proof (1–2 min): Record 10–15s reading your sentences aloud.
Save as: L004.m4a",SoarSystem::L004
5,Давай + инфинитив,Let's…,(кому-то) приходится + инфинитив,(someone) has to (forced to)…,Давай записать аудио,Let's record audio,Давай перестать откладывать,Let's stop procrastinating,Давай повторить ещё раз,Let's repeat again,Давай проверить это,Let's check it,Давай лечь спать пораньше,Let's go to bed earlier,мне приходится поговорить с ним,I has to (forced to)talk to him,ему приходится записать аудио,he has to (forced to)record audio,им приходится перестать откладывать,they has to (forced to)stop procrastinating,нам приходится проверить это,we has to (forced to)check it,тебе приходится продолжить учиться,you has to (forced to)continue studying,"Bad day (≤5 min):
• Read both molds once.
• Listen to 2 examples per mold.
• Say them out loud once.

Normal (10–25 min):
1) Input (3–5 min): Listen + read all examples.
2) Controlled output (3–7 min): Change 2 examples per mold.
3) Free output (3–7 min): Write 2–4 NEW sentences using BOTH molds.
4) Proof (1–2 min): Record 10–15s reading your sentences aloud.
Save as: L005.m4a",SoarSystem::L005
6,"(кто-то) только что понял(а), что…",(someone) just realised that…,"(кто-то) не удивится, что…",(someone) wouldn't be surprised that…,"они только что понял(а), что это реально помогает.",they just realised that it really helps.,"я только что понял(а), что это не так страшно.",I just realised that it's not that scary.,"он только что понял(а), что это реально помогает.",he just realised that it really helps.,"мы только что понял(а), что это не так страшно.",we just realised that it's not that scary.,"она только что понял(а), что мне нужно больше времени.",she just realised that I need more time.,"ты не удивится, что всё зависит от ситуации.",you wouldn't be surprised that it depends on the situation.,"они не удивится, что это нормально.",they wouldn't be surprised that it's normal.,"он не удивится, что мы справимся.",he wouldn't be surprised that we'll manage.,"она не удивится, что она права.",she wouldn't be surprised that she's right.,"я не удивится, что я не хочу спорить.",I wouldn't be surprised that I don't want to argue.,"Bad day (≤5 min):
• Read both molds once.
• Listen to 2 examples per mold.
• Say them out loud once.

Normal (10–25 min):
1) Input (3–5 min): Listen + read all examples.
2) Controlled output (3–7 min): Change 2 examples per mold.
3) Free output (3–7 min): Write 2–4 NEW sentences using BOTH molds.
4) Proof (1–2 min): Record 10–15s reading your sentences aloud.
Save as: L006.m4a",SoarSystem::L006
7,"(кто-то) считает, что…",(someone) believes that…,Можно + инфинитив?,Can I / is it possible to…?,"ты считаешь, что это реально помогает.",you believes that it really helps.,"она считает, что он просто устал.",she believes that he's just tired.,"я считаю, что я не хочу спорить.",I believes that I don't want to argue.,"он считает, что она права.",he believes that she's right.,"мы считаем, что мне нужно больше времени.",we believes that I need more time.,Можно поговорить с ним?,Can I / is it possible to talk to him?,Можно начать учиться?,Can I / is it possible to start studying?,Можно записать аудио?,Can I / is it possible to record audio?,Можно повторить ещё раз?,Can I / is it possible to repeat again?,Можно выйти на прогулку?,Can I / is it possible to go for a walk?,"Bad day (≤5 min):
• Read both molds once.
• Listen to 2 examples per mold.
• Say them out loud once.

Normal (10–25 min):
1) Input (3–5 min): Listen + read all examples.
2) Controlled output (3–7 min): Change 2 examples per mold.
3) Free output (3–7 min): Write 2–4 NEW sentences using BOTH molds.
4) Proof (1–2 min): Record 10–15s reading your sentences aloud.
Save as: L007.m4a",SoarSystem::L007
8,"Кажется, что…",It seems that…,(кто-то) планирует + инфинитив,(someone) is planning to…,"Кажется, что всё зависит от ситуации.",It seems that it depends on the situation.,"Кажется, что мы справимся.",It seems that we'll manage.,"Кажется, что это нормально.",It seems that it's normal.,"Кажется, что это реально помогает.",It seems that it really helps.,"Кажется, что мы справимся.",It seems that we'll manage.,я планирует начать учиться,I is planning to start studying,ты планирует перестать откладывать,you is planning to stop procrastinating,они планирует повторить ещё раз,they is planning to repeat again,мы планирует лечь спать пораньше,we is planning to go to bed earlier,она планирует проверить это,she is planning to check it,"Bad day (≤5 min):
• Read both molds once.
• Listen to 2 examples per mold.
• Say them out loud once.

Normal (10–25 min):
1) Input (3–5 min): Listen + read all examples.
2) Controlled output (3–7 min): Change 2 examples per mold.
3) Free output (3–7 min): Write 2–4 NEW sentences using BOTH molds.
4) Proof (1–2 min): Record 10–15s reading your sentences aloud.
Save as: L008.m4a",SoarSystem::L008
9,"После того как… , …","After…, …","Хорошо, что…",It's good that…,"Если я начну сейчас, то успею.","If I start now, I'll make it.","После того как я поем, я запишу короткое аудио.","After I eat, I'll record a short audio.","Если получится, я сделаю минимум.","If it works out, I'll do the minimum.","Как только я начну, станет легче.","As soon as I start, it gets easier.","Пока я ем, мне нужен контент.","While I eat, I need content.","Хорошо, что я не хочу спорить.",It's good that I don't want to argue.,"Хорошо, что мы справимся?",It's good that we'll manage.,"Хорошо, что это не так страшно.",It's good that it's not that scary.,"Хорошо, что он просто устал.",It's good that he's just tired.,"Хорошо, что это нормально.",It's good that it's normal.,"Bad day (≤5 min):
• Read both molds once.
• Listen to 2 examples per mold.
• Say them out loud once.

Normal (10–25 min):
1) Input (3–5 min): Listen + read all examples.
2) Controlled output (3–7 min): Change 2 examples per mold.
3) Free output (3–7 min): Write 2–4 NEW sentences using BOTH molds.
4) Proof (1–2 min): Record 10–15s reading your sentences aloud.
Save as: L009.m4a",SoarSystem::L009
10,Можно вопрос?,Can I ask a question?,"(кто-то) забыл(а), что…",(someone) forgot that…,Что ты имеешь в виду?,What do you mean?,"Можно ещё раз, но помедленнее?","Can you repeat, but slower?",Как сказать «мне лень» по-русски?,How do you say 'I can't be bothered' in Russian?,Что это значит в обычной речи?,What does this mean in everyday speech?,Можно вопрос? Я запутался/запуталась.,Can I ask a question? I'm confused.,"он забыл(а), что мне нужно больше времени.",he forgot that I need more time.,"я забыл(а), что это хорошая идея.",I forgot that it's a good idea.,"она забыл(а), что это не так страшно.",she forgot that it's not that scary.,"они забыл(а), что это не так страшно.",they forgot that it's not that scary.,"мы забыл(а), что это нормально.",we forgot that it's normal.,"Bad day (≤5 min):
• Read both molds once.
• Listen to 2 examples per mold.
• Say them out loud once.

Normal (10–25 min):
1) Input (3–5 min): Listen + read all examples.
2) Controlled output (3–7 min): Change 2 examples per mold.
3) Free output (3–7 min): Write 2–4 NEW sentences using BOTH molds.
4) Proof (1–2 min): Record 10–15s reading your sentences aloud.
Save as: L010.m4a",SoarSystem::L010
11,(кто-то) собирается + инфинитив,(someone) is going to…,(кто-то) не может + инфинитив,(someone) can't…,она собирается поговорить с ней,she is going to talk to her,они собирается проверить это,they is going to check it,он собирается выйти на прогулку,he is going to go for a walk,ты собирается записать аудио,you is going to record audio,мы собирается продолжить учиться,we is going to continue studying,мы не может поговорить с ней,we can't talk to her,они не может проверить это,they can't check it,он не может поговорить с ним?,he can't talk to him,я не может выйти на прогулку,I can't go for a walk,она не может лечь спать пораньше,she can't go to bed earlier,"Bad day (≤5 min):
• Read both molds once.
• Listen to 2 examples per mold.
• Say them out loud once.

Normal (10–25 min):
1) Input (3–5 min): Listen + read all examples.
2) Controlled output (3–7 min): Change 2 examples per mold.
3) Free output (3–7 min): Write 2–4 NEW sentences using BOTH molds.
4) Proof (1–2 min): Record 10–15s reading your sentences aloud.
Save as: L011.m4a",SoarSystem::L011
12,"(кто-то) предполагает, что…",(someone) assumes that…,"(кто-то) вроде думает, что…",(someone) kind of thinks that…,"ты предполагает, что мне нужно больше времени.",you assumes that I need more time.,"мы предполагает, что мы справимся.",we assumes that we'll manage.,"она предполагает, что он просто устал.",she assumes that he's just tired.,"он предполагает, что это нормально.",he assumes that it's normal.,"они предполагает, что это нормально.",they assumes that it's normal.,"они вроде думает, что я не хочу спорить.",they kind of thinks that I don't want to argue.,"мы вроде думает, что это реально помогает.",we kind of thinks that it really helps.,"она вроде думает, что всё зависит от ситуации.",she kind of thinks that it depends on the situation.,"я вроде думает, что всё зависит от ситуации.",I kind of thinks that it depends on the situation.,"ты вроде думает, что всё зависит от ситуации.",you kind of thinks that it depends on the situation.,"Bad day (≤5 min):
• Read both molds once.
• Listen to 2 examples per mold.
• Say them out loud once.

Normal (10–25 min):
1) Input (3–5 min): Listen + read all examples.
2) Controlled output (3–7 min): Change 2 examples per mold.
3) Free output (3–7 min): Write 2–4 NEW sentences using BOTH molds.
4) Proof (1–2 min): Record 10–15s reading your sentences aloud.
Save as: L012.m4a",SoarSystem::L012
13,"Важно, что…",It's important that…,(кто-то) умеет + инфинитив,(someone) knows how to…,"Важно, что мы справимся.",It's important that we'll manage.,"Важно, что мы справимся.",It's important that we'll manage.,"Важно, что я не хочу спорить.",It's important that I don't want to argue.,"Важно, что всё зависит от ситуации.",It's important that it depends on the situation.,"Важно, что она права.",It's important that she's right.,я умеет перестать откладывать,I knows how to stop procrastinating,ты умеет поговорить с ней,you knows how to talk to her,она умеет лечь спать пораньше,she knows how to go to bed earlier,они умеет проверить это,they knows how to check it,мы умеет продолжить учиться,we knows how to continue studying,"Bad day (≤5 min):
• Read both molds once.
• Listen to 2 examples per mold.
• Say them out loud once.

Normal (10–25 min):
1) Input (3–5 min): Listen + read all examples.
2) Controlled output (3–7 min): Change 2 examples per mold.
3) Free output (3–7 min): Write 2–4 NEW sentences using BOTH molds.
4) Proof (1–2 min): Record 10–15s reading your sentences aloud.
Save as: L013.m4a",SoarSystem::L013
14,"(кто-то) наверное надеется, что…",(someone) probably hopes that…,(кому-то) важно + инфинитив,It's important for (someone) to…,"он наверное надеется, что это хорошая идея.",he probably hopes that it's a good idea.,"они наверное надеется, что я не хочу спорить.",they probably hopes that I don't want to argue.,"мы наверное надеется, что мы справимся.",we probably hopes that we'll manage.,"она наверное надеется, что я не хочу спорить.",she probably hopes that I don't want to argue.,"ты наверное надеется, что это нормально.",you probably hopes that it's normal.,им важно выйти на прогулку,It's important for they to go for a walk,нам важно продолжить учиться,It's important for we to continue studying,мне важно поговорить с ним,It's important for I to talk to him,тебе важно лечь спать пораньше,It's important for you to go to bed earlier,ей важно повторить ещё раз,It's important for she to repeat again,"Bad day (≤5 min):
• Read both molds once.
• Listen to 2 examples per mold.
• Say them out loud once.

Normal (10–25 min):
1) Input (3–5 min): Listen + read all examples.
2) Controlled output (3–7 min): Change 2 examples per mold.
3) Free output (3–7 min): Write 2–4 NEW sentences using BOTH molds.
4) Proof (1–2 min): Record 10–15s reading your sentences aloud.
Save as: L014.m4a",SoarSystem::L014
15,Потому что…,Because…,"(кто-то) наверное считает, что…",(someone) probably believes that…,"Пока я ем, мне нужен контент.","While I eat, I need content.","Когда я прихожу домой, я сразу тянусь к телефону.","When I get home, I reach for my phone.","Если я начну сейчас, то успею.","If I start now, I'll make it.","Если получится, я сделаю минимум.","If it works out, I'll do the minimum.","После того как я поем, я запишу короткое аудио.","After I eat, I'll record a short audio.","ты наверное считает, что всё зависит от ситуации.",you probably believes that it depends on the situation.,"он наверное считает, что это реально помогает.",he probably believes that it really helps.,"я наверное считает, что она права.",I probably believes that she's right.,"мы наверное считает, что мне нужно больше времени.",we probably believes that I need more time.,"она наверное считает, что она права.",she probably believes that she's right.,"Bad day (≤5 min):
• Read both molds once.
• Listen to 2 examples per mold.
• Say them out loud once.

Normal (10–25 min):
1) Input (3–5 min): Listen + read all examples.
2) Controlled output (3–7 min): Change 2 examples per mold.
3) Free output (3–7 min): Write 2–4 NEW sentences using BOTH molds.
4) Proof (1–2 min): Record 10–15s reading your sentences aloud.
Save as: L015.m4a",SoarSystem::L015
16,Почему?,Why?,"По-моему,…","In my opinion,…",Что это значит в обычной речи?,What does this mean in everyday speech?,Можно вопрос? Я запутался/запуталась.,Can I ask a question? I'm confused.,Что ты имеешь в виду?,What do you mean?,"Можно ещё раз, но помедленнее?","Can you repeat, but slower?",Как сказать «мне лень» по-русски?,How do you say 'I can't be bothered' in Russian?,"По-моему,это не так страшно.","In my opinion,it's not that scary.","По-моему,всё зависит от ситуации.","In my opinion,it depends on the situation.","По-моему,я не хочу спорить.","In my opinion,I don't want to argue.","По-моему,она права.","In my opinion,she's right.","По-моему,я не хочу спорить.","In my opinion,I don't want to argue.","Bad day (≤5 min):
• Read both molds once.
• Listen to 2 examples per mold.
• Say them out loud once.

Normal (10–25 min):
1) Input (3–5 min): Listen + read all examples.
2) Controlled output (3–7 min): Change 2 examples per mold.
3) Free output (3–7 min): Write 2–4 NEW sentences using BOTH molds.
4) Proof (1–2 min): Record 10–15s reading your sentences aloud.
Save as: L016.m4a",SoarSystem::L016
17,(кто-то) предпочитает + инфинитив,(someone) prefers to…,(кто-то) передумал(а) + инфинитив,(someone) changed their mind and…,они предпочитает поговорить с ним,they prefers to talk to him,мы предпочитает записать аудио,we prefers to record audio,он предпочитает начать учиться,he prefers to start studying,ты предпочитает выйти на прогулку,you prefers to go for a walk,она предпочитает поговорить с ней,she prefers to talk to her,он передумал(а) лечь спать пораньше,he changed their mind and go to bed earlier,она передумал(а) проверить это,she changed their mind and check it,они передумал(а) поговорить с ней,they changed their mind and talk to her,ты передумал(а) продолжить учиться,you changed their mind and continue studying,я передумал(а) записать аудио,I changed their mind and record audio,"Bad day (≤5 min):
• Read both molds once.
• Listen to 2 examples per mold.
• Say them out loud once.

Normal (10–25 min):
1) Input (3–5 min): Listen + read all examples.
2) Controlled output (3–7 min): Change 2 examples per mold.
3) Free output (3–7 min): Write 2–4 NEW sentences using BOTH molds.
4) Proof (1–2 min): Record 10–15s reading your sentences aloud.
Save as: L017.m4a",SoarSystem::L017
18,"(кто-то) не знает, почему…",(someone) doesn't know why…,"Мне кажется, что…",It seems to me that…,"она не знает, почему почему я это откладываю.",she doesn't know why why I procrastinate.,"они не знает, почему почему это не получается.",they doesn't know why why it isn't working.,"я не знает, почему почему я это откладываю.",I doesn't know why why I procrastinate.,"мы не знает, почему почему это не получается.",we doesn't know why why it isn't working.,"он не знает, почему почему это не получается.",he doesn't know why why it isn't working.,"Мне кажется, что мне нужно больше времени.",It seems to me that I need more time.,"Мне кажется, что всё зависит от ситуации.",It seems to me that it depends on the situation.,"Мне кажется, что это нормально.",It seems to me that it's normal.,"Мне кажется, что это не так страшно.",It seems to me that it's not that scary.,"Мне кажется, что это реально помогает.",It seems to me that it really helps.,"Bad day (≤5 min):
• Read both molds once.
• Listen to 2 examples per mold.
• Say them out loud once.

Normal (10–25 min):
1) Input (3–5 min): Listen + read all examples.
2) Controlled output (3–7 min): Change 2 examples per mold.
3) Free output (3–7 min): Write 2–4 NEW sentences using BOTH molds.
4) Proof (1–2 min): Record 10–15s reading your sentences aloud.
Save as: L018.m4a",SoarSystem::L018
19,"(кто-то) думает, что…",(someone) thinks that…,Давайте + инфинитив,Let's… (polite/plural),"ты думаешь, что это не так страшно.",you thinks that it's not that scary.,"она думает, что это реально помогает.",she thinks that it really helps.,"он думает, что это не так страшно.",he thinks that it's not that scary.,"мы думаем, что я не хочу спорить.",we thinks that I don't want to argue.,"они думают, что это нормально.",they thinks that it's normal.,Давайте продолжить учиться,Let's continue studying (polite/plural),Давайте выйти на прогулку,Let's go for a walk (polite/plural),Давайте записать аудио,Let's record audio (polite/plural),Давайте проверить это,Let's check it (polite/plural),Давайте поговорить с ним,Let's talk to him (polite/plural),"Bad day (≤5 min):
• Read both molds once.
• Listen to 2 examples per mold.
• Say them out loud once.

Normal (10–25 min):
1) Input (3–5 min): Listen + read all examples.
2) Controlled output (3–7 min): Change 2 examples per mold.
3) Free output (3–7 min): Write 2–4 NEW sentences using BOTH molds.
4) Proof (1–2 min): Record 10–15s reading your sentences aloud.
Save as: L019.m4a",SoarSystem::L019
20,"(кто-то) верит, что…",(someone) believes that…,(кто-то) перестал(а) + инфинитив,(someone) stopped…,"они верит, что она права.",they believes that she's right.,"я верит, что он просто устал.",I believes that he's just tired.,"она верит, что мы справимся.",she believes that we'll manage.,"ты верит, что он просто устал.",you believes that he's just tired.,"мы верит, что это нормально.",we believes that it's normal.,я перестал(а) лечь спать пораньше,I stopped go to bed earlier,мы перестал(а) начать учиться,we stopped start studying,она перестал(а) поговорить с ней,she stopped talk to her,он перестал(а) повторить ещё раз,he stopped repeat again,ты перестал(а) продолжить учиться,you stopped continue studying,"Bad day (≤5 min):
• Read both molds once.
• Listen to 2 examples per mold.
• Say them out loud once.

Normal (10–25 min):
1) Input (3–5 min): Listen + read all examples.
2) Controlled output (3–7 min): Change 2 examples per mold.
3) Free output (3–7 min): Write 2–4 NEW sentences using BOTH molds.
4) Proof (1–2 min): Record 10–15s reading your sentences aloud.
Save as: L020.m4a",SoarSystem::L020
21,Поэтому…,That's why…,"(кто-то) уверен(а) в том, что…",(someone) is sure that…,"Если я начну сейчас, то успею.","If I start now, I'll make it.","Когда я прихожу домой, я сразу тянусь к телефону.","When I get home, I reach for my phone.","Хотя я устал(а), я всё равно начну.","Although I'm tired, I'll still start.","После того как я поем, я запишу короткое аудио.","After I eat, I'll record a short audio.","Как только я начну, станет легче.","As soon as I start, it gets easier.","он уверен(а) в том, что я не хочу спорить.",he is sure that I don't want to argue.,"ты уверен(а) в том, что он просто устал?",you is sure that he's just tired.,"они уверен(а) в том, что я не хочу спорить.",they is sure that I don't want to argue.,"мы уверен(а) в том, что это нормально.",we is sure that it's normal.,"она уверен(а) в том, что это хорошая идея.",she is sure that it's a good idea.,"Bad day (≤5 min):
• Read both molds once.
• Listen to 2 examples per mold.
• Say them out loud once.

Normal (10–25 min):
1) Input (3–5 min): Listen + read all examples.
2) Controlled output (3–7 min): Change 2 examples per mold.
3) Free output (3–7 min): Write 2–4 NEW sentences using BOTH molds.
4) Proof (1–2 min): Record 10–15s reading your sentences aloud.
Save as: L021.m4a",SoarSystem::L021
22,Можно помедленнее?,Can you go slower?,"(кто-то) понимает, что…",(someone) understands that…,"Можно ещё раз, но помедленнее?","Can you repeat, but slower?",Что ты имеешь в виду?,What do you mean?,Можно вопрос? Я запутался/запуталась.,Can I ask a question? I'm confused.,Что это значит в обычной речи?,What does this mean in everyday speech?,Как сказать «мне лень» по-русски?,How do you say 'I can't be bothered' in Russian?,"я понимаю, что это нормально.",I understands that it's normal.,"они понимают, что всё зависит от ситуации.",they understands that it depends on the situation.,"мы понимаем, что это реально помогает.",we understands that it really helps.,"она понимает, что это реально помогает.",she understands that it really helps.,"он понимает, что я не хочу спорить.",he understands that I don't want to argue.,"Bad day (≤5 min):
• Read both molds once.
• Listen to 2 examples per mold.
• Say them out loud once.

Normal (10–25 min):
1) Input (3–5 min): Listen + read all examples.
2) Controlled output (3–7 min): Change 2 examples per mold.
3) Free output (3–7 min): Write 2–4 NEW sentences using BOTH molds.
4) Proof (1–2 min): Record 10–15s reading your sentences aloud.
Save as: L022.m4a",SoarSystem::L022
23,(кому-то) легко + инфинитив,It's easy for (someone) to…,(кому-то) нельзя + инфинитив,(someone) mustn't / can't…,нам легко повторить ещё раз,It's easy for we to repeat again,тебе легко проверить это,It's easy for you to check it,им легко начать учиться,It's easy for they to start studying,ему легко поговорить с ней,It's easy for he to talk to her,ей легко продолжить учиться,It's easy for she to continue studying,ему нельзя записать аудио,he mustn't / can't record audio,ей нельзя поговорить с ним,she mustn't / can't talk to him,нам нельзя начать учиться,we mustn't / can't start studying,им нельзя перестать откладывать,they mustn't / can't stop procrastinating,тебе нельзя повторить ещё раз,you mustn't / can't repeat again,"Bad day (≤5 min):
• Read both molds once.
• Listen to 2 examples per mold.
• Say them out loud once.

Normal (10–25 min):
1) Input (3–5 min): Listen + read all examples.
2) Controlled output (3–7 min): Change 2 examples per mold.
3) Free output (3–7 min): Write 2–4 NEW sentences using BOTH molds.
4) Proof (1–2 min): Record 10–15s reading your sentences aloud.
Save as: L023.m4a",SoarSystem::L023
24,"Проблема в том, что…",The problem is that…,"(кто-то) наверное знает, что…",(someone) probably knows that…,"Проблема в том, что мы справимся.",The problem is that we'll manage.,"Проблема в том, что мне нужно больше времени?",The problem is that I need more time.,"Проблема в том, что это нормально.",The problem is that it's normal.,"Проблема в том, что всё зависит от ситуации.",The problem is that it depends on the situation.,"Проблема в том, что она права.",The problem is that she's right.,"он наверное знает, что всё зависит от ситуации.",he probably knows that it depends on the situation.,"она наверное знает, что мне нужно больше времени.",she probably knows that I need more time.,"они наверное знает, что я не хочу спорить.",they probably knows that I don't want to argue.,"ты наверное знает, что я не хочу спорить.",you probably knows that I don't want to argue.,"я наверное знает, что всё зависит от ситуации.",I probably knows that it depends on the situation.,"Bad day (≤5 min):
• Read both molds once.
• Listen to 2 examples per mold.
• Say them out loud once.

Normal (10–25 min):
1) Input (3–5 min): Listen + read all examples.
2) Controlled output (3–7 min): Change 2 examples per mold.
3) Free output (3–7 min): Write 2–4 NEW sentences using BOTH molds.
4) Proof (1–2 min): Record 10–15s reading your sentences aloud.
Save as: L024.m4a",SoarSystem::L024
25,"(кто-то) не понимает, почему…",(someone) doesn't understand why…,(кто-то) хочет + инфинитив,(someone) wants to…,"мы не понимает, почему почему это не получается.",we doesn't understand why why it isn't working.,"я не понимает, почему почему это не получается.",I doesn't understand why why it isn't working.,"он не понимает, почему почему я это откладываю.",he doesn't understand why why I procrastinate.,"она не понимает, почему почему это не получается.",she doesn't understand why why it isn't working.,"ты не понимает, почему почему это не получается.",you doesn't understand why why it isn't working.,я хочет проверить это,I wants to check it,они хочет поговорить с ней,they wants to talk to her,мы хочет поговорить с ним?,we wants to talk to him,он хочет перестать откладывать,he wants to stop procrastinating,она хочет начать учиться,she wants to start studying,"Bad day (≤5 min):
• Read both molds once.
• Listen to 2 examples per mold.
• Say them out loud once.

Normal (10–25 min):
1) Input (3–5 min): Listen + read all examples.
2) Controlled output (3–7 min): Change 2 examples per mold.
3) Free output (3–7 min): Write 2–4 NEW sentences using BOTH molds.
4) Proof (1–2 min): Record 10–15s reading your sentences aloud.
Save as: L025.m4a",SoarSystem::L025
26,"(кому-то) сказали, что…",(someone) was told that…,(кто-то) не умеет + инфинитив,(someone) doesn't know how to…,"ей сказали, что это хорошая идея.",she was told that it's a good idea.,"тебе сказали, что мы справимся?",you was told that we'll manage.,"ему сказали, что она права.",he was told that she's right.,"нам сказали, что это не так страшно.",we was told that it's not that scary.,"им сказали, что это не так страшно.",they was told that it's not that scary.,мы не умеет выйти на прогулку,we doesn't know how to go for a walk,я не умеет записать аудио,I doesn't know how to record audio,они не умеет повторить ещё раз,they doesn't know how to repeat again,он не умеет поговорить с ней,he doesn't know how to talk to her,ты не умеет перестать откладывать,you doesn't know how to stop procrastinating,"Bad day (≤5 min):
• Read both molds once.
• Listen to 2 examples per mold.
• Say them out loud once.

Normal (10–25 min):
1) Input (3–5 min): Listen + read all examples.
2) Controlled output (3–7 min): Change 2 examples per mold.
3) Free output (3–7 min): Write 2–4 NEW sentences using BOTH molds.
4) Proof (1–2 min): Record 10–15s reading your sentences aloud.
Save as: L026.m4a",SoarSystem::L026
27,"Если… , то…","If…, then…","(кто-то) не знает, что…",(someone) doesn't know what…,"Как только я начну, станет легче.","As soon as I start, it gets easier.","До того как я усну, я сделаю 5 минут.","Before I fall asleep, I'll do 5 minutes.","Когда я прихожу домой, я сразу тянусь к телефону.","When I get home, I reach for my phone.","Если получится, я сделаю минимум.","If it works out, I'll do the minimum.","После того как я поем, я запишу короткое аудио.","After I eat, I'll record a short audio.","мы не знает, что это реально помогает.",we doesn't know what it really helps.,"ты не знает, что это нормально?",you doesn't know what it's normal.,"она не знает, что это не так страшно.",she doesn't know what it's not that scary.,"он не знает, что он просто устал.",he doesn't know what he's just tired.,"они не знает, что это не так страшно.",they doesn't know what it's not that scary.,"Bad day (≤5 min):
• Read both molds once.
• Listen to 2 examples per mold.
• Say them out loud once.

Normal (10–25 min):
1) Input (3–5 min): Listen + read all examples.
2) Controlled output (3–7 min): Change 2 examples per mold.
3) Free output (3–7 min): Write 2–4 NEW sentences using BOTH molds.
4) Proof (1–2 min): Record 10–15s reading your sentences aloud.
Save as: L027.m4a",SoarSystem::L027
28,Когда?,When?,"(кто-то) не уверен(а), что…",(someone) isn't sure that…,Что это значит в обычной речи?,What does this mean in everyday speech?,"Можно ещё раз, но помедленнее?","Can you repeat, but slower?",Можно вопрос? Я запутался/запуталась.,Can I ask a question? I'm confused.,Как сказать «мне лень» по-русски?,How do you say 'I can't be bothered' in Russian?,Что ты имеешь в виду?,What do you mean?,"она не уверен(а), что это не так страшно.",she isn't sure that it's not that scary.,"они не уверен(а), что это реально помогает.",they isn't sure that it really helps.,"я не уверен(а), что всё зависит от ситуации.",I isn't sure that it depends on the situation.,"ты не уверен(а), что это реально помогает.",you isn't sure that it really helps.,"он не уверен(а), что всё зависит от ситуации.",he isn't sure that it depends on the situation.,"Bad day (≤5 min):
• Read both molds once.
• Listen to 2 examples per mold.
• Say them out loud once.

Normal (10–25 min):
1) Input (3–5 min): Listen + read all examples.
2) Controlled output (3–7 min): Change 2 examples per mold.
3) Free output (3–7 min): Write 2–4 NEW sentences using BOTH molds.
4) Proof (1–2 min): Record 10–15s reading your sentences aloud.
Save as: L028.m4a",SoarSystem::L028
29,(кто-то) пытается + инфинитив,(someone) is trying to…,(кто-то) не хочет + инфинитив,(someone) doesn't want to…,ты пытается перестать откладывать,you is trying to stop procrastinating,я пытается записать аудио,I is trying to record audio,они пытается начать учиться,they is trying to start studying,он пытается продолжить учиться,he is trying to continue studying,она пытается повторить ещё раз,she is trying to repeat again,они не хочет выйти на прогулку,they doesn't want to go for a walk,она не хочет лечь спать пораньше,she doesn't want to go to bed earlier,ты не хочет повторить ещё раз?,you doesn't want to repeat again,я не хочет продолжить учиться,I doesn't want to continue studying,он не хочет перестать откладывать,he doesn't want to stop procrastinating,"Bad day (≤5 min):
• Read both molds once.
• Listen to 2 examples per mold.
• Say them out loud once.

Normal (10–25 min):
1) Input (3–5 min): Listen + read all examples.
2) Controlled output (3–7 min): Change 2 examples per mold.
3) Free output (3–7 min): Write 2–4 NEW sentences using BOTH molds.
4) Proof (1–2 min): Record 10–15s reading your sentences aloud.
Save as: L029.m4a",SoarSystem::L029
30,"Если честно, мне кажется, что…","Honestly, it seems to me that…","(кто-то) знает, что…",(someone) knows that…,"Если честно, мне кажется, что мне нужно больше времени.","Honestly, it seems to me that I need more time.","Если честно, мне кажется, что это нормально.","Honestly, it seems to me that it's normal.","Если честно, мне кажется, что он просто устал.","Honestly, it seems to me that he's just tired.","Если честно, мне кажется, что это реально помогает.","Honestly, it seems to me that it really helps.","Если честно, мне кажется, что я не хочу спорить.","Honestly, it seems to me that I don't want to argue.","он знает, что она права.",he knows that she's right.,"мы знаем, что я не хочу спорить.",we knows that I don't want to argue.,"я знаю, что это реально помогает.",I knows that it really helps.,"ты знаешь, что это не так страшно.",you knows that it's not that scary.,"она знает, что он просто устал.",she knows that he's just tired.,"Bad day (≤5 min):
• Read both molds once.
• Listen to 2 examples per mold.
• Say them out loud once.

Normal (10–25 min):
1) Input (3–5 min): Listen + read all examples.
2) Controlled output (3–7 min): Change 2 examples per mold.
3) Free output (3–7 min): Write 2–4 NEW sentences using BOTH molds.
4) Proof (1–2 min): Record 10–15s reading your sentences aloud.
Save as: L030.m4a",SoarSystem::L030
31,"(кто-то) сомневается, что…",(someone) doubts that…,(кто-то) готов(а) + инфинитив,(someone) is ready to…,"мы сомневаемся, что это хорошая идея.",we doubts that it's a good idea.,"ты сомневаешься, что это нормально?",you doubts that it's normal.,"я сомневаюсь, что я не хочу спорить.",I doubts that I don't want to argue.,"он сомневается, что это реально помогает.",he doubts that it really helps.,"она сомневается, что он просто устал.",she doubts that he's just tired.,он готов(а) лечь спать пораньше,he is ready to go to bed earlier,мы готов(а) продолжить учиться,we is ready to continue studying,ты готов(а) записать аудио,you is ready to record audio,я готов(а) проверить это,I is ready to check it,она готов(а) выйти на прогулку,she is ready to go for a walk,"Bad day (≤5 min):
• Read both molds once.
• Listen to 2 examples per mold.
• Say them out loud once.

Normal (10–25 min):
1) Input (3–5 min): Listen + read all examples.
2) Controlled output (3–7 min): Change 2 examples per mold.
3) Free output (3–7 min): Write 2–4 NEW sentences using BOTH molds.
4) Proof (1–2 min): Record 10–15s reading your sentences aloud.
Save as: L031.m4a",SoarSystem::L031
32,"Жаль, что…",It's a pity that…,Стоит + инфинитив,It's worth… / one should…,"Жаль, что это хорошая идея.",It's a pity that it's a good idea.,"Жаль, что это реально помогает?",It's a pity that it really helps.,"Жаль, что это нормально.",It's a pity that it's normal.,"Жаль, что это нормально.",It's a pity that it's normal.,"Жаль, что это хорошая идея.",It's a pity that it's a good idea.,Стоит продолжить учиться,It's worth continue studying / one should…,Стоит записать аудио,It's worth record audio / one should…,Стоит выйти на прогулку,It's worth go for a walk / one should…,Стоит поговорить с ним,It's worth talk to him / one should…,Стоит поговорить с ней,It's worth talk to her / one should…,"Bad day (≤5 min):
• Read both molds once.
• Listen to 2 examples per mold.
• Say them out loud once.

Normal (10–25 min):
1) Input (3–5 min): Listen + read all examples.
2) Controlled output (3–7 min): Change 2 examples per mold.
3) Free output (3–7 min): Write 2–4 NEW sentences using BOTH molds.
4) Proof (1–2 min): Record 10–15s reading your sentences aloud.
Save as: L032.m4a",SoarSystem::L032
33,"Сначала… , потом…","First…, then…","(кто-то) точно считает, что…",(someone) definitely believes that…,"Если получится, я сделаю минимум.","If it works out, I'll do the minimum.","До того как я усну, я сделаю 5 минут.","Before I fall asleep, I'll do 5 minutes.","Пока я ем, мне нужен контент.","While I eat, I need content.","Как только я начну, станет легче.","As soon as I start, it gets easier.","Когда я прихожу домой, я сразу тянусь к телефону.","When I get home, I reach for my phone.","он точно считает, что мне нужно больше времени.",he definitely believes that I need more time.,"они точно считает, что это не так страшно.",they definitely believes that it's not that scary.,"я точно считает, что мы справимся.",I definitely believes that we'll manage.,"она точно считает, что мне нужно больше времени.",she definitely believes that I need more time.,"ты точно считает, что она права.",you definitely believes that she's right.,"Bad day (≤5 min):
• Read both molds once.
• Listen to 2 examples per mold.
• Say them out loud once.

Normal (10–25 min):
1) Input (3–5 min): Listen + read all examples.
2) Controlled output (3–7 min): Change 2 examples per mold.
3) Free output (3–7 min): Write 2–4 NEW sentences using BOTH molds.
4) Proof (1–2 min): Record 10–15s reading your sentences aloud.
Save as: L033.m4a",SoarSystem::L033
34,Что это значит?,What does this mean?,"Оказалось, что…",It turned out that…,Можно вопрос? Я запутался/запуталась.,Can I ask a question? I'm confused.,"Можно ещё раз, но помедленнее?","Can you repeat, but slower?",Как сказать «мне лень» по-русски?,How do you say 'I can't be bothered' in Russian?,Что ты имеешь в виду?,What do you mean?,Что это значит в обычной речи?,What does this mean in everyday speech?,"Оказалось, что она права.",It turned out that she's right.,"Оказалось, что я не хочу спорить.",It turned out that I don't want to argue.,"Оказалось, что он просто устал.",It turned out that he's just tired.,"Оказалось, что он просто устал.",It turned out that he's just tired.,"Оказалось, что это нормально.",It turned out that it's normal.,"Bad day (≤5 min):
• Read both molds once.
• Listen to 2 examples per mold.
• Say them out loud once.

Normal (10–25 min):
1) Input (3–5 min): Listen + read all examples.
2) Controlled output (3–7 min): Change 2 examples per mold.
3) Free output (3–7 min): Write 2–4 NEW sentences using BOTH molds.
4) Proof (1–2 min): Record 10–15s reading your sentences aloud.
Save as: L034.m4a",SoarSystem::L034
35,(кто-то) привык(ла) + инфинитив,(someone) is used to…,(кому-то) хочется + инфинитив,(someone) feels like…,я привык(ла) поговорить с ним,I is used to talk to him,ты привык(ла) лечь спать пораньше,you is used to go to bed earlier,она привык(ла) перестать откладывать,she is used to stop procrastinating,они привык(ла) поговорить с ней,they is used to talk to her,мы привык(ла) продолжить учиться,we is used to continue studying,мне хочется проверить это,I feels like check it,им хочется лечь спать пораньше,they feels like go to bed earlier,тебе хочется поговорить с ней?,you feels like talk to her,ей хочется перестать откладывать,she feels like stop procrastinating,ему хочется выйти на прогулку,he feels like go for a walk,"Bad day (≤5 min):
• Read both molds once.
• Listen to 2 examples per mold.
• Say them out loud once.

Normal (10–25 min):
1) Input (3–5 min): Listen + read all examples.
2) Controlled output (3–7 min): Change 2 examples per mold.
3) Free output (3–7 min): Write 2–4 NEW sentences using BOTH molds.
4) Proof (1–2 min): Record 10–15s reading your sentences aloud.
Save as: L035.m4a",SoarSystem::L035
36,"(кто-то) надеется, что…",(someone) hopes that…,"(кто-то) точно знает, что…",(someone) definitely knows that…,"ты надеешься, что это нормально.",you hopes that it's normal.,"они надеются, что всё зависит от ситуации.",they hopes that it depends on the situation.,"я надеюсь, что мы справимся.",I hopes that we'll manage.,"мы надеемся, что он просто устал.",we hopes that he's just tired.,"она надеется, что это хорошая идея.",she hopes that it's a good idea.,"он точно знает, что мне нужно больше времени.",he definitely knows that I need more time.,"она точно знает, что мы справимся.",she definitely knows that we'll manage.,"они точно знает, что мы справимся.",they definitely knows that we'll manage.,"ты точно знает, что это хорошая идея.",you definitely knows that it's a good idea.,"я точно знает, что это нормально.",I definitely knows that it's normal.,"Bad day (≤5 min):
• Read both molds once.
• Listen to 2 examples per mold.
• Say them out loud once.

Normal (10–25 min):
1) Input (3–5 min): Listen + read all examples.
2) Controlled output (3–7 min): Change 2 examples per mold.
3) Free output (3–7 min): Write 2–4 NEW sentences using BOTH molds.
4) Proof (1–2 min): Record 10–15s reading your sentences aloud.
Save as: L036.m4a",SoarSystem::L036
37,"(кто-то) вроде считает, что…",(someone) kind of believes that…,Нельзя + инфинитив,You're not allowed to…,"он вроде считает, что это хорошая идея.",he kind of believes that it's a good idea.,"она вроде считает, что он просто устал.",she kind of believes that he's just tired.,"ты вроде считает, что это реально помогает.",you kind of believes that it really helps.,"мы вроде считает, что это не так страшно.",we kind of believes that it's not that scary.,"я вроде считает, что всё зависит от ситуации.",I kind of believes that it depends on the situation.,Нельзя записать аудио,You're not allowed to record audio,Нельзя начать учиться,You're not allowed to start studying,Нельзя поговорить с ней,You're not allowed to talk to her,Нельзя поговорить с ним,You're not allowed to talk to him,Нельзя лечь спать пораньше,You're not allowed to go to bed earlier,"Bad day (≤5 min):
• Read both molds once.
• Listen to 2 examples per mold.
• Say them out loud once.

Normal (10–25 min):
1) Input (3–5 min): Listen + read all examples.
2) Controlled output (3–7 min): Change 2 examples per mold.
3) Free output (3–7 min): Write 2–4 NEW sentences using BOTH molds.
4) Proof (1–2 min): Record 10–15s reading your sentences aloud.
Save as: L037.m4a",SoarSystem::L037
38,"(кто-то) реально думает, что…",(someone) really thinks that…,(кто-то) решил(а) + инфинитив,(someone) decided to…,"он реально думает, что это нормально.",he really thinks that it's normal.,"ты реально думает, что это нормально?",you really thinks that it's normal.,"мы реально думает, что я не хочу спорить.",we really thinks that I don't want to argue.,"она реально думает, что мы справимся.",she really thinks that we'll manage.,"я реально думает, что она права.",I really thinks that she's right.,ты решил(а) поговорить с ней,you decided to talk to her,они решил(а) проверить это,they decided to check it,мы решил(а) продолжить учиться,we decided to continue studying,он решил(а) выйти на прогулку,he decided to go for a walk,она решил(а) перестать откладывать,she decided to stop procrastinating,"Bad day (≤5 min):
• Read both molds once.
• Listen to 2 examples per mold.
• Say them out loud once.

Normal (10–25 min):
1) Input (3–5 min): Listen + read all examples.
2) Controlled output (3–7 min): Change 2 examples per mold.
3) Free output (3–7 min): Write 2–4 NEW sentences using BOTH molds.
4) Proof (1–2 min): Record 10–15s reading your sentences aloud.
Save as: L038.m4a",SoarSystem::L038
39,"На самом деле,…","Actually,…","(кто-то) точно думает, что…",(someone) definitely thinks that…,"Когда я прихожу домой, я сразу тянусь к телефону.","When I get home, I reach for my phone.","Хотя я устал(а), я всё равно начну.","Although I'm tired, I'll still start.","Пока я ем, мне нужен контент.","While I eat, I need content.","Если я начну сейчас, то успею.","If I start now, I'll make it.","После того как я поем, я запишу короткое аудио.","After I eat, I'll record a short audio.","я точно думает, что мы справимся.",I definitely thinks that we'll manage.,"она точно думает, что это хорошая идея.",she definitely thinks that it's a good idea.,"они точно думает, что мне нужно больше времени.",they definitely thinks that I need more time.,"мы точно думает, что это реально помогает.",we definitely thinks that it really helps.,"он точно думает, что я не хочу спорить.",he definitely thinks that I don't want to argue.,"Bad day (≤5 min):
• Read both molds once.
• Listen to 2 examples per mold.
• Say them out loud once.

Normal (10–25 min):
1) Input (3–5 min): Listen + read all examples.
2) Controlled output (3–7 min): Change 2 examples per mold.
3) Free output (3–7 min): Write 2–4 NEW sentences using BOTH molds.
4) Proof (1–2 min): Record 10–15s reading your sentences aloud.
Save as: L039.m4a",SoarSystem::L039
40,Как это работает?,How does it work?,"(кто-то) уверен(а), что…",(someone) is sure that…,Можно вопрос? Я запутался/запуталась.,Can I ask a question? I'm confused.,Что ты имеешь в виду?,What do you mean?,Как сказать «мне лень» по-русски?,How do you say 'I can't be bothered' in Russian?,Что это значит в обычной речи?,What does this mean in everyday speech?,"Можно ещё раз, но помедленнее?","Can you repeat, but slower?","я уверен(а), что он просто устал.",I is sure that he's just tired.,"она уверен(а), что всё зависит от ситуации.",she is sure that it depends on the situation.,"они уверен(а), что мне нужно больше времени.",they is sure that I need more time.,"мы уверен(а), что я не хочу спорить.",we is sure that I don't want to argue.,"ты уверен(а), что она права.",you is sure that she's right.,"Bad day (≤5 min):
• Read both molds once.
• Listen to 2 examples per mold.
• Say them out loud once.

Normal (10–25 min):
1) Input (3–5 min): Listen + read all examples.
2) Controlled output (3–7 min): Change 2 examples per mold.
3) Free output (3–7 min): Write 2–4 NEW sentences using BOTH molds.
4) Proof (1–2 min): Record 10–15s reading your sentences aloud.
Save as: L040.m4a",SoarSystem::L040
41,(кто-то) начал(а) + инфинитив,(someone) started to…,(кому-то) не нужно + инфинитив,(someone) doesn't need to…,она начал(а) проверить это,she started to check it,они начал(а) записать аудио,they started to record audio,ты начал(а) повторить ещё раз,you started to repeat again,он начал(а) поговорить с ним,he started to talk to him,мы начал(а) начать учиться,we started to start studying,ей не нужно выйти на прогулку,she doesn't need to go for a walk,ему не нужно поговорить с ним,he doesn't need to talk to him,тебе не нужно продолжить учиться,you doesn't need to continue studying,нам не нужно перестать откладывать,we doesn't need to stop procrastinating,мне не нужно проверить это,I doesn't need to check it,"Bad day (≤5 min):
• Read both molds once.
• Listen to 2 examples per mold.
• Say them out loud once.

Normal (10–25 min):
1) Input (3–5 min): Listen + read all examples.
2) Controlled output (3–7 min): Change 2 examples per mold.
3) Free output (3–7 min): Write 2–4 NEW sentences using BOTH molds.
4) Proof (1–2 min): Record 10–15s reading your sentences aloud.
Save as: L041.m4a",SoarSystem::L041
42,"(кто-то) не верит, что…",(someone) doesn't believe that…,"Плохо, что…",It's bad that…,"ты не верит, что я не хочу спорить.",you doesn't believe that I don't want to argue.,"мы не верит, что он просто устал.",we doesn't believe that he's just tired.,"я не верит, что это не так страшно.",I doesn't believe that it's not that scary.,"она не верит, что всё зависит от ситуации.",she doesn't believe that it depends on the situation.,"они не верит, что он просто устал.",they doesn't believe that he's just tired.,"Плохо, что я не хочу спорить.",It's bad that I don't want to argue.,"Плохо, что она права.",It's bad that she's right.,"Плохо, что мы справимся.",It's bad that we'll manage.,"Плохо, что это реально помогает.",It's bad that it really helps.,"Плохо, что она права.",It's bad that she's right.,"Bad day (≤5 min):
• Read both molds once.
• Listen to 2 examples per mold.
• Say them out loud once.

Normal (10–25 min):
1) Input (3–5 min): Listen + read all examples.
2) Controlled output (3–7 min): Change 2 examples per mold.
3) Free output (3–7 min): Write 2–4 NEW sentences using BOTH molds.
4) Proof (1–2 min): Record 10–15s reading your sentences aloud.
Save as: L042.m4a",SoarSystem::L042
43,"Странно, что…",It's strange that…,(кто-то) может + инфинитив,(someone) can…,"Странно, что он просто устал.",It's strange that he's just tired.,"Странно, что всё зависит от ситуации.",It's strange that it depends on the situation.,"Странно, что мне нужно больше времени.",It's strange that I need more time.,"Странно, что она права.",It's strange that she's right.,"Странно, что мы справимся.",It's strange that we'll manage.,они может перестать откладывать,they can stop procrastinating,она может начать учиться,she can start studying,мы может продолжить учиться?,we can continue studying,он может поговорить с ней,he can talk to her,я может проверить это,I can check it,"Bad day (≤5 min):
• Read both molds once.
• Listen to 2 examples per mold.
• Say them out loud once.

Normal (10–25 min):
1) Input (3–5 min): Listen + read all examples.
2) Controlled output (3–7 min): Change 2 examples per mold.
3) Free output (3–7 min): Write 2–4 NEW sentences using BOTH molds.
4) Proof (1–2 min): Record 10–15s reading your sentences aloud.
Save as: L043.m4a",SoarSystem::L043
44,"На самом деле, мне кажется, что…","Actually, it seems to me that…",(кому-то) трудно + инфинитив,It's hard for (someone) to…,"На самом деле, мне кажется, что это реально помогает.","Actually, it seems to me that it really helps.","На самом деле, мне кажется, что это не так страшно.","Actually, it seems to me that it's not that scary.","На самом деле, мне кажется, что я не хочу спорить.","Actually, it seems to me that I don't want to argue.","На самом деле, мне кажется, что это хорошая идея.","Actually, it seems to me that it's a good idea.","На самом деле, мне кажется, что это хорошая идея.","Actually, it seems to me that it's a good idea.",мне трудно перестать откладывать,It's hard for I to stop procrastinating,ей трудно выйти на прогулку,It's hard for she to go for a walk,нам трудно проверить это,It's hard for we to check it,тебе трудно начать учиться,It's hard for you to start studying,им трудно продолжить учиться,It's hard for they to continue studying,"Bad day (≤5 min):
• Read both molds once.
• Listen to 2 examples per mold.
• Say them out loud once.

Normal (10–25 min):
1) Input (3–5 min): Listen + read all examples.
2) Controlled output (3–7 min): Change 2 examples per mold.
3) Free output (3–7 min): Write 2–4 NEW sentences using BOTH molds.
4) Proof (1–2 min): Record 10–15s reading your sentences aloud.
Save as: L044.m4a",SoarSystem::L044
45,"Если честно,…","Honestly,…","(кто-то) реально считает, что…",(someone) really believes that…,"До того как я усну, я сделаю 5 минут.","Before I fall asleep, I'll do 5 minutes.","Если я начну сейчас, то успею.","If I start now, I'll make it.","Если получится, я сделаю минимум.","If it works out, I'll do the minimum.","Пока я ем, мне нужен контент.","While I eat, I need content.","Как только я начну, станет легче.","As soon as I start, it gets easier.","он реально считает, что он просто устал.",he really believes that he's just tired.,"мы реально считает, что это не так страшно.",we really believes that it's not that scary.,"они реально считает, что мы справимся.",they really believes that we'll manage.,"ты реально считает, что это не так страшно.",you really believes that it's not that scary.,"я реально считает, что это нормально.",I really believes that it's normal.,"Bad day (≤5 min):
• Read both molds once.
• Listen to 2 examples per mold.
• Say them out loud once.

Normal (10–25 min):
1) Input (3–5 min): Listen + read all examples.
2) Controlled output (3–7 min): Change 2 examples per mold.
3) Free output (3–7 min): Write 2–4 NEW sentences using BOTH molds.
4) Proof (1–2 min): Record 10–15s reading your sentences aloud.
Save as: L045.m4a",SoarSystem::L045
46,Что ты имеешь в виду?,What do you mean?,"(кто-то) удивлён(а), что…",(someone) is surprised that…,Что это значит в обычной речи?,What does this mean in everyday speech?,Что ты имеешь в виду?,What do you mean?,"Можно ещё раз, но помедленнее?","Can you repeat, but slower?",Можно вопрос? Я запутался/запуталась.,Can I ask a question? I'm confused.,Как сказать «мне лень» по-русски?,How do you say 'I can't be bothered' in Russian?,"ты удивлён(а), что это нормально.",you is surprised that it's normal.,"они удивлён(а), что всё зависит от ситуации.",they is surprised that it depends on the situation.,"я удивлён(а), что это реально помогает.",I is surprised that it really helps.,"он удивлён(а), что он просто устал.",he is surprised that he's just tired.,"она удивлён(а), что он просто устал.",she is surprised that he's just tired.,"Bad day (≤5 min):
• Read both molds once.
• Listen to 2 examples per mold.
• Say them out loud once.

Normal (10–25 min):
1) Input (3–5 min): Listen + read all examples.
2) Controlled output (3–7 min): Change 2 examples per mold.
3) Free output (3–7 min): Write 2–4 NEW sentences using BOTH molds.
4) Proof (1–2 min): Record 10–15s reading your sentences aloud.
Save as: L046.m4a",SoarSystem::L046
47,(кто-то) старается + инфинитив,(someone) is making an effort to…,Можно мне + инфинитив?,May I…?,он старается перестать откладывать,he is making an effort to stop procrastinating,я старается проверить это,I is making an effort to check it,она старается начать учиться,she is making an effort to start studying,они старается поговорить с ней,they is making an effort to talk to her,ты старается продолжить учиться,you is making an effort to continue studying,Можно мне поговорить с ней?,May I talk to her?,Можно мне поговорить с ним?,May I talk to him?,Можно мне начать учиться?,May I start studying?,Можно мне продолжить учиться?,May I continue studying?,Можно мне проверить это?,May I check it?,"Bad day (≤5 min):
• Read both molds once.
• Listen to 2 examples per mold.
• Say them out loud once.

Normal (10–25 min):
1) Input (3–5 min): Listen + read all examples.
2) Controlled output (3–7 min): Change 2 examples per mold.
3) Free output (3–7 min): Write 2–4 NEW sentences using BOTH molds.
4) Proof (1–2 min): Record 10–15s reading your sentences aloud.
Save as: L047.m4a",SoarSystem::L047
48,"(кто-то) реально надеется, что…",(someone) really hopes that…,"(кто-то) видит, что…",(someone) sees that…,"они реально надеется, что это нормально.",they really hopes that it's normal.,"мы реально надеется, что это хорошая идея.",we really hopes that it's a good idea.,"она реально надеется, что он просто устал.",she really hopes that he's just tired.,"он реально надеется, что это хорошая идея.",he really hopes that it's a good idea.,"я реально надеется, что я не хочу спорить.",I really hopes that I don't want to argue.,"они видит, что это хорошая идея.",they sees that it's a good idea.,"он видит, что это хорошая идея.",he sees that it's a good idea.,"мы видит, что всё зависит от ситуации.",we sees that it depends on the situation.,"я видит, что она права.",I sees that she's right.,"она видит, что всё зависит от ситуации.",she sees that it depends on the situation.,"Bad day (≤5 min):
• Read both molds once.
• Listen to 2 examples per mold.
• Say them out loud once.

Normal (10–25 min):
1) Input (3–5 min): Listen + read all examples.
2) Controlled output (3–7 min): Change 2 examples per mold.
3) Free output (3–7 min): Write 2–4 NEW sentences using BOTH molds.
4) Proof (1–2 min): Record 10–15s reading your sentences aloud.
Save as: L048.m4a",SoarSystem::L048
49,"(кто-то) заметил(а), что…",(someone) noticed that…,(кому-то) лучше + инфинитив,(someone) had better…,"мы заметил(а), что это нормально.",we noticed that it's normal.,"она заметил(а), что это хорошая идея.",she noticed that it's a good idea.,"я заметил(а), что это реально помогает.",I noticed that it really helps.,"он заметил(а), что мне нужно больше времени.",he noticed that I need more time.,"ты заметил(а), что всё зависит от ситуации.",you noticed that it depends on the situation.,нам лучше выйти на прогулку,we had better go for a walk,им лучше поговорить с ней,they had better talk to her,ей лучше начать учиться,she had better start studying,мне лучше перестать откладывать,I had better stop procrastinating,ему лучше повторить ещё раз,he had better repeat again,"Bad day (≤5 min):
• Read both molds once.
• Listen to 2 examples per mold.
• Say them out loud once.

Normal (10–25 min):
1) Input (3–5 min): Listen + read all examples.
2) Controlled output (3–7 min): Change 2 examples per mold.
3) Free output (3–7 min): Write 2–4 NEW sentences using BOTH molds.
4) Proof (1–2 min): Record 10–15s reading your sentences aloud.
Save as: L049.m4a",SoarSystem::L049
50,"(кто-то) понимает, почему…",(someone) understands why…,(кому-то) нужно + инфинитив,(someone) needs to…,"он понимает, почему почему я это откладываю.",he understands why why I procrastinate.,"они понимают, почему почему это не получается.",they understands why why it isn't working.,"она понимает, почему почему это не получается.",she understands why why it isn't working.,"я понимаю, почему почему я это откладываю.",I understands why why I procrastinate.,"ты понимаешь, почему почему я это откладываю.",you understands why why I procrastinate.,тебе нужно продолжить учиться,you needs to continue studying,ей нужно повторить ещё раз,she needs to repeat again,ему нужно перестать откладывать,he needs to stop procrastinating,нам нужно проверить это,we needs to check it,мне нужно выйти на прогулку,I needs to go for a walk,"Bad day (≤5 min):
• Read both molds once.
• Listen to 2 examples per mold.
• Say them out loud once.

Normal (10–25 min):
1) Input (3–5 min): Listen + read all examples.
2) Controlled output (3–7 min): Change 2 examples per mold.
3) Free output (3–7 min): Write 2–4 NEW sentences using BOTH molds.
4) Proof (1–2 min): Record 10–15s reading your sentences aloud.
Save as: L050.m4a",SoarSystem::L050
51,Если вдруг…,If by any chance…,"(кто-то) наверное думает, что…",(someone) probably thinks that…,"Когда я прихожу домой, я сразу тянусь к телефону.","When I get home, I reach for my phone.","Как только я начну, станет легче.","As soon as I start, it gets easier.","После того как я поем, я запишу короткое аудио.","After I eat, I'll record a short audio.","Пока я ем, мне нужен контент.","While I eat, I need content.","Если я начну сейчас, то успею.","If I start now, I'll make it.","он наверное думает, что она права.",he probably thinks that she's right.,"я наверное думает, что я не хочу спорить.",I probably thinks that I don't want to argue.,"мы наверное думает, что это реально помогает.",we probably thinks that it really helps.,"ты наверное думает, что это не так страшно.",you probably thinks that it's not that scary.,"они наверное думает, что мы справимся.",they probably thinks that we'll manage.,"Bad day (≤5 min):
• Read both molds once.
• Listen to 2 examples per mold.
• Say them out loud once.

Normal (10–25 min):
1) Input (3–5 min): Listen + read all examples.
2) Controlled output (3–7 min): Change 2 examples per mold.
3) Free output (3–7 min): Write 2–4 NEW sentences using BOTH molds.
4) Proof (1–2 min): Record 10–15s reading your sentences aloud.
Save as: L051.m4a",SoarSystem::L051
52,Как сказать «…» по-русски?,How do you say “…” in Russian?,"(кто-то) вроде надеется, что…",(someone) kind of hopes that…,Можно вопрос? Я запутался/запуталась.,Can I ask a question? I'm confused.,Что это значит в обычной речи?,What does this mean in everyday speech?,"Можно ещё раз, но помедленнее?","Can you repeat, but slower?",Что ты имеешь в виду?,What do you mean?,Как сказать «мне лень» по-русски?,How do you say 'I can't be bothered' in Russian?,"они вроде надеется, что мне нужно больше времени.",they kind of hopes that I need more time.,"ты вроде надеется, что она права?",you kind of hopes that she's right.,"мы вроде надеется, что мне нужно больше времени.",we kind of hopes that I need more time.,"она вроде надеется, что она права.",she kind of hopes that she's right.,"он вроде надеется, что это реально помогает.",he kind of hopes that it really helps.,"Bad day (≤5 min):
• Read both molds once.
• Listen to 2 examples per mold.
• Say them out loud once.

Normal (10–25 min):
1) Input (3–5 min): Listen + read all examples.
2) Controlled output (3–7 min): Change 2 examples per mold.
3) Free output (3–7 min): Write 2–4 NEW sentences using BOTH molds.
4) Proof (1–2 min): Record 10–15s reading your sentences aloud.
Save as: L052.m4a",SoarSystem::L052
53,(кто-то) не готов(а) + инфинитив,(someone) isn't ready to…,(кому-то) приятно + инфинитив,It's pleasant for (someone) to…,он не готов(а) повторить ещё раз,he isn't ready to repeat again,ты не готов(а) поговорить с ней,you isn't ready to talk to her,мы не готов(а) начать учиться,we isn't ready to start studying,они не готов(а) выйти на прогулку,they isn't ready to go for a walk,я не готов(а) поговорить с ним,I isn't ready to talk to him,нам приятно записать аудио,It's pleasant for we to record audio,им приятно поговорить с ней,It's pleasant for they to talk to her,мне приятно выйти на прогулку,It's pleasant for I to go for a walk,тебе приятно лечь спать пораньше,It's pleasant for you to go to bed earlier,ему приятно поговорить с ним,It's pleasant for he to talk to him,"Bad day (≤5 min):
• Read both molds once.
• Listen to 2 examples per mold.
• Say them out loud once.

Normal (10–25 min):
1) Input (3–5 min): Listen + read all examples.
2) Controlled output (3–7 min): Change 2 examples per mold.
3) Free output (3–7 min): Write 2–4 NEW sentences using BOTH molds.
4) Proof (1–2 min): Record 10–15s reading your sentences aloud.
Save as: L053.m4a",SoarSystem::L053
54,"(кто-то) слышал(а), что…",(someone) heard that…,"Так вышло, что…",It so happened that…,"мы слышал(а), что я не хочу спорить.",we heard that I don't want to argue.,"я слышал(а), что он просто устал.",I heard that he's just tired.,"он слышал(а), что он просто устал.",he heard that he's just tired.,"она слышал(а), что он просто устал.",she heard that he's just tired.,"они слышал(а), что она права.",they heard that she's right.,"Так вышло, что мне нужно больше времени.",It so happened that I need more time.,"Так вышло, что всё зависит от ситуации.",It so happened that it depends on the situation.,"Так вышло, что мы справимся.",It so happened that we'll manage.,"Так вышло, что всё зависит от ситуации.",It so happened that it depends on the situation.,"Так вышло, что я не хочу спорить.",It so happened that I don't want to argue.,"Bad day (≤5 min):
• Read both molds once.
• Listen to 2 examples per mold.
• Say them out loud once.

Normal (10–25 min):
1) Input (3–5 min): Listen + read all examples.
2) Controlled output (3–7 min): Change 2 examples per mold.
3) Free output (3–7 min): Write 2–4 NEW sentences using BOTH molds.
4) Proof (1–2 min): Record 10–15s reading your sentences aloud.
Save as: L054.m4a",SoarSystem::L054
55,"(кто-то) реально понимает, что…",(someone) really understands that…,(кому-то) надо + инфинитив,(someone) needs to…,"я реально понимает, что она права.",I really understands that she's right.,"она реально понимает, что это хорошая идея.",she really understands that it's a good idea.,"ты реально понимает, что мы справимся.",you really understands that we'll manage.,"он реально понимает, что я не хочу спорить.",he really understands that I don't want to argue.,"мы реально понимает, что я не хочу спорить.",we really understands that I don't want to argue.,им надо записать аудио,they needs to record audio,тебе надо перестать откладывать,you needs to stop procrastinating,ей надо поговорить с ней,she needs to talk to her,ему надо проверить это,he needs to check it,нам надо начать учиться,we needs to start studying,"Bad day (≤5 min):
• Read both molds once.
• Listen to 2 examples per mold.
• Say them out loud once.

Normal (10–25 min):
1) Input (3–5 min): Listen + read all examples.
2) Controlled output (3–7 min): Change 2 examples per mold.
3) Free output (3–7 min): Write 2–4 NEW sentences using BOTH molds.
4) Proof (1–2 min): Record 10–15s reading your sentences aloud.
Save as: L055.m4a",SoarSystem::L055
56,"(кто-то) боится, что…",(someone) is afraid that…,(кому-то) не хочется + инфинитив,(someone) doesn't feel like…,"мы боимся, что мне нужно больше времени.",we is afraid that I need more time.,"они боятся, что всё зависит от ситуации.",they is afraid that it depends on the situation.,"она боится, что мне нужно больше времени.",she is afraid that I need more time.,"я боюсь, что я не хочу спорить.",I is afraid that I don't want to argue.,"он боится, что он просто устал.",he is afraid that he's just tired.,мне не хочется выйти на прогулку,I doesn't feel like go for a walk,им не хочется поговорить с ним,they doesn't feel like talk to him,тебе не хочется продолжить учиться?,you doesn't feel like continue studying,ему не хочется перестать откладывать,he doesn't feel like stop procrastinating,ей не хочется поговорить с ней,she doesn't feel like talk to her,"Bad day (≤5 min):
• Read both molds once.
• Listen to 2 examples per mold.
• Say them out loud once.

Normal (10–25 min):
1) Input (3–5 min): Listen + read all examples.
2) Controlled output (3–7 min): Change 2 examples per mold.
3) Free output (3–7 min): Write 2–4 NEW sentences using BOTH molds.
4) Proof (1–2 min): Record 10–15s reading your sentences aloud.
Save as: L056.m4a",SoarSystem::L056
57,"Если получится,…","If it works out,…","(кто-то) вроде знает, что…",(someone) kind of knows that…,"Как только я начну, станет легче.","As soon as I start, it gets easier.","Пока я ем, мне нужен контент.","While I eat, I need content.","Когда я прихожу домой, я сразу тянусь к телефону.","When I get home, I reach for my phone.","Хотя я устал(а), я всё равно начну.","Although I'm tired, I'll still start.","До того как я усну, я сделаю 5 минут.","Before I fall asleep, I'll do 5 minutes.","мы вроде знает, что я не хочу спорить.",we kind of knows that I don't want to argue.,"ты вроде знает, что это нормально?",you kind of knows that it's normal.,"я вроде знает, что это реально помогает.",I kind of knows that it really helps.,"он вроде знает, что она права.",he kind of knows that she's right.,"они вроде знает, что это нормально.",they kind of knows that it's normal.,"Bad day (≤5 min):
• Read both molds once.
• Listen to 2 examples per mold.
• Say them out loud once.

Normal (10–25 min):
1) Input (3–5 min): Listen + read all examples.
2) Controlled output (3–7 min): Change 2 examples per mold.
3) Free output (3–7 min): Write 2–4 NEW sentences using BOTH molds.
4) Proof (1–2 min): Record 10–15s reading your sentences aloud.
Save as: L057.m4a",SoarSystem::L057
58,Где?,Where?,"(кто-то) понимает, как…",(someone) understands how…,Можно вопрос? Я запутался/запуталась.,Can I ask a question? I'm confused.,Что ты имеешь в виду?,What do you mean?,"Можно ещё раз, но помедленнее?","Can you repeat, but slower?",Как сказать «мне лень» по-русски?,How do you say 'I can't be bothered' in Russian?,Что это значит в обычной речи?,What does this mean in everyday speech?,"она понимает, как как это сказать по-русски.",she understands how how to say it in Russian.,"они понимают, как как это сказать по-русски.",they understands how how to say it in Russian.,"мы понимаем, как как это сказать по-русски.",we understands how how to say it in Russian.,"он понимает, как как лучше начать.",he understands how how best to start.,"ты понимаешь, как как лучше начать.",you understands how how best to start.,"Bad day (≤5 min):
• Read both molds once.
• Listen to 2 examples per mold.
• Say them out loud once.

Normal (10–25 min):
1) Input (3–5 min): Listen + read all examples.
2) Controlled output (3–7 min): Change 2 examples per mold.
3) Free output (3–7 min): Write 2–4 NEW sentences using BOTH molds.
4) Proof (1–2 min): Record 10–15s reading your sentences aloud.
Save as: L058.m4a",SoarSystem::L058
59,"(кто-то) не думает, что…",(someone) doesn't think that…,"(кто-то) не понимает, как…",(someone) doesn't understand how…,"они не думает, что всё зависит от ситуации.",they doesn't think that it depends on the situation.,"мы не думает, что всё зависит от ситуации.",we doesn't think that it depends on the situation.,"она не думает, что я не хочу спорить.",she doesn't think that I don't want to argue.,"он не думает, что это нормально.",he doesn't think that it's normal.,"ты не думает, что он просто устал.",you doesn't think that he's just tired.,"она не понимает, как как это сказать по-русски.",she doesn't understand how how to say it in Russian.,"он не понимает, как как это сказать по-русски.",he doesn't understand how how to say it in Russian.,"я не понимает, как как лучше начать.",I doesn't understand how how best to start.,"мы не понимает, как как это сказать по-русски.",we doesn't understand how how to say it in Russian.,"они не понимает, как как это сказать по-русски.",they doesn't understand how how to say it in Russian.,"Bad day (≤5 min):
• Read both molds once.
• Listen to 2 examples per mold.
• Say them out loud once.

Normal (10–25 min):
1) Input (3–5 min): Listen + read all examples.
2) Controlled output (3–7 min): Change 2 examples per mold.
3) Free output (3–7 min): Write 2–4 NEW sentences using BOTH molds.
4) Proof (1–2 min): Record 10–15s reading your sentences aloud.
Save as: L059.m4a",SoarSystem::L059
60,"(кто-то) сказал(а), что…",(someone) said that…,"(кто-то) точно понимает, что…",(someone) definitely understands that…,"мы сказал(а), что всё зависит от ситуации.",we said that it depends on the situation.,"ты сказал(а), что это не так страшно?",you said that it's not that scary.,"я сказал(а), что я не хочу спорить.",I said that I don't want to argue.,"она сказал(а), что мне нужно больше времени.",she said that I need more time.,"они сказал(а), что я не хочу спорить.",they said that I don't want to argue.,"я точно понимает, что всё зависит от ситуации.",I definitely understands that it depends on the situation.,"он точно понимает, что это не так страшно.",he definitely understands that it's not that scary.,"они точно понимает, что я не хочу спорить.",they definitely understands that I don't want to argue.,"ты точно понимает, что это хорошая идея.",you definitely understands that it's a good idea.,"мы точно понимает, что мы справимся.",we definitely understands that we'll manage.,"Bad day (≤5 min):
• Read both molds once.
• Listen to 2 examples per mold.
• Say them out loud once.

Normal (10–25 min):
1) Input (3–5 min): Listen + read all examples.
2) Controlled output (3–7 min): Change 2 examples per mold.
3) Free output (3–7 min): Write 2–4 NEW sentences using BOTH molds.
4) Proof (1–2 min): Record 10–15s reading your sentences aloud.
Save as: L060.m4a",SoarSystem::L060
61,"(кто-то) не думает, что…",(someone) doesn't think that…,"(кто-то) наверное понимает, что…",(someone) probably understands that…,"они не думает, что мы справимся.",they doesn't think that we'll manage.,"мы не думает, что он просто устал.",we doesn't think that he's just tired.,"он не думает, что она права.",he doesn't think that she's right.,"я не думает, что она права.",I doesn't think that she's right.,"она не думает, что это хорошая идея.",she doesn't think that it's a good idea.,"мы наверное понимает, что он просто устал.",we probably understands that he's just tired.,"она наверное понимает, что это реально помогает.",she probably understands that it really helps.,"они наверное понимает, что это хорошая идея.",they probably understands that it's a good idea.,"он наверное понимает, что я не хочу спорить.",he probably understands that I don't want to argue.,"ты наверное понимает, что она права.",you probably understands that she's right.,"Bad day (≤5 min):
• Read both molds once.
• Listen to 2 examples per mold.
• Say them out loud once.

Normal (10–25 min):
1) Input (3–5 min): Listen + read all examples.
2) Controlled output (3–7 min): Change 2 examples per mold.
3) Free output (3–7 min): Write 2–4 NEW sentences using BOTH molds.
4) Proof (1–2 min): Record 10–15s reading your sentences aloud.
Save as: L061.m4a",SoarSystem::L061
62,"В любом случае,…","In any case,…","Пока (кто-то)…, (кто-то)…","While (someone)…, (someone)…","До того как я усну, я сделаю 5 минут.","Before I fall asleep, I'll do 5 minutes.","Как только я начну, станет легче.","As soon as I start, it gets easier.","Пока я ем, мне нужен контент.","While I eat, I need content.","После того как я поем, я запишу короткое аудио.","After I eat, I'll record a short audio.","Хотя я устал(а), я всё равно начну.","Although I'm tired, I'll still start.","Когда я прихожу домой, я сразу тянусь к телефону.","When I get home, I reach for my phone.","Как только я начну, станет легче.","As soon as I start, it gets easier.","Хотя я устал(а), я всё равно начну.","Although I'm tired, I'll still start.","После того как я поем, я запишу короткое аудио.","After I eat, I'll record a short audio.","До того как я усну, я сделаю 5 минут.","Before I fall asleep, I'll do 5 minutes.","Bad day (≤5 min):
• Read both molds once.
• Listen to 2 examples per mold.
• Say them out loud once.

Normal (10–25 min):
1) Input (3–5 min): Listen + read all examples.
2) Controlled output (3–7 min): Change 2 examples per mold.
3) Free output (3–7 min): Write 2–4 NEW sentences using BOTH molds.
4) Proof (1–2 min): Record 10–15s reading your sentences aloud.
Save as: L062.m4a",SoarSystem::L062
63,"В любом случае,…","In any case,…","(кто-то) рад(а), что…",(someone) is glad that…,"Когда я прихожу домой, я сразу тянусь к телефону.","When I get home, I reach for my phone.","После того как я поем, я запишу короткое аудио.","After I eat, I'll record a short audio.","Как только я начну, станет легче.","As soon as I start, it gets easier.","Если я начну сейчас, то успею.","If I start now, I'll make it.","Хотя я устал(а), я всё равно начну.","Although I'm tired, I'll still start.","мы рад(а), что это не так страшно.",we is glad that it's not that scary.,"ты рад(а), что это нормально?",you is glad that it's normal.,"я рад(а), что всё зависит от ситуации.",I is glad that it depends on the situation.,"они рад(а), что мне нужно больше времени.",they is glad that I need more time.,"он рад(а), что это реально помогает.",he is glad that it really helps.,"Bad day (≤5 min):
• Read both molds once.
• Listen to 2 examples per mold.
• Say them out loud once.

Normal (10–25 min):
1) Input (3–5 min): Listen + read all examples.
2) Controlled output (3–7 min): Change 2 examples per mold.
3) Free output (3–7 min): Write 2–4 NEW sentences using BOTH molds.
4) Proof (1–2 min): Record 10–15s reading your sentences aloud.
Save as: L063.m4a",SoarSystem::L063
64,"(кто-то) не понимает, как…",(someone) doesn't understand how…,"(кто-то) помнит, что…",(someone) remembers that…,"я не понимает, как как это сказать по-русски.",I doesn't understand how how to say it in Russian.,"он не понимает, как как лучше начать.",he doesn't understand how how best to start.,"они не понимает, как как лучше начать.",they doesn't understand how how best to start.,"мы не понимает, как как это сказать по-русски.",we doesn't understand how how to say it in Russian.,"она не понимает, как как это сказать по-русски.",she doesn't understand how how to say it in Russian.,"она помнит, что мне нужно больше времени.",she remembers that I need more time.,"он помнит, что всё зависит от ситуации.",he remembers that it depends on the situation.,"мы помнит, что я не хочу спорить.",we remembers that I don't want to argue.,"я помнит, что она права.",I remembers that she's right.,"они помнит, что я не хочу спорить.",they remembers that I don't want to argue.,"Bad day (≤5 min):
• Read both molds once.
• Listen to 2 examples per mold.
• Say them out loud once.

Normal (10–25 min):
1) Input (3–5 min): Listen + read all examples.
2) Controlled output (3–7 min): Change 2 examples per mold.
3) Free output (3–7 min): Write 2–4 NEW sentences using BOTH molds.
4) Proof (1–2 min): Record 10–15s reading your sentences aloud.
Save as: L064.m4a",SoarSystem::L064
65,"Похоже, что…",It looks like…,"(кто-то) подозревает, что…",(someone) suspects that…,"Похоже, что мы справимся.",It looks like we'll manage.,"Похоже, что он просто устал.",It looks like he's just tired.,"Похоже, что это хорошая идея.",It looks like it's a good idea.,"Похоже, что она права.",It looks like she's right.,"Похоже, что это хорошая идея.",It looks like it's a good idea.,"мы подозревает, что это хорошая идея.",we suspects that it's a good idea.,"она подозревает, что мы справимся.",she suspects that we'll manage.,"он подозревает, что всё зависит от ситуации.",he suspects that it depends on the situation.,"они подозревает, что это нормально.",they suspects that it's normal.,"я подозревает, что мы справимся.",I suspects that we'll manage.,"Bad day (≤5 min):
• Read both molds once.
• Listen to 2 examples per mold.
• Say them out loud once.

Normal (10–25 min):
1) Input (3–5 min): Listen + read all examples.
2) Controlled output (3–7 min): Change 2 examples per mold.
3) Free output (3–7 min): Write 2–4 NEW sentences using BOTH molds.
4) Proof (1–2 min): Record 10–15s reading your sentences aloud.
Save as: L065.m4a",SoarSystem::L065
66,"(кто-то) не понимает, как…",(someone) doesn't understand how…,"(кто-то) подозревает, что…",(someone) suspects that…,"он не понимает, как как лучше начать.",he doesn't understand how how best to start.,"они не понимает, как как лучше начать.",they doesn't understand how how best to start.,"я не понимает, как как лучше начать.",I doesn't understand how how best to start.,"ты не понимает, как как это сказать по-русски.",you doesn't understand how how to say it in Russian.,"она не понимает, как как лучше начать.",she doesn't understand how how best to start.,"они подозревает, что это нормально.",they suspects that it's normal.,"он подозревает, что я не хочу спорить.",he suspects that I don't want to argue.,"мы подозревает, что я не хочу спорить.",we suspects that I don't want to argue.,"я подозревает, что она права.",I suspects that she's right.,"ты подозревает, что это нормально.",you suspects that it's normal.,"Bad day (≤5 min):
• Read both molds once.
• Listen to 2 examples per mold.
• Say them out loud once.

Normal (10–25 min):
1) Input (3–5 min): Listen + read all examples.
2) Controlled output (3–7 min): Change 2 examples per mold.
3) Free output (3–7 min): Write 2–4 NEW sentences using BOTH molds.
4) Proof (1–2 min): Record 10–15s reading your sentences aloud.
Save as: L066.m4a",SoarSystem::L066
67,"До того как… , …","Before…, …","Пока (кто-то)…, (кто-то)…","While (someone)…, (someone)…","Если получится, я сделаю минимум.","If it works out, I'll do the minimum.","Если я начну сейчас, то успею.","If I start now, I'll make it.","Когда я прихожу домой, я сразу тянусь к телефону.","When I get home, I reach for my phone.","Пока я ем, мне нужен контент.","While I eat, I need content.","Как только я начну, станет легче.","As soon as I start, it gets easier.","Если получится, я сделаю минимум.","If it works out, I'll do the minimum.","После того как я поем, я запишу короткое аудио.","After I eat, I'll record a short audio.","Пока я ем, мне нужен контент.","While I eat, I need content.","Если я начну сейчас, то успею.","If I start now, I'll make it.","Когда я прихожу домой, я сразу тянусь к телефону.","When I get home, I reach for my phone.","Bad day (≤5 min):
• Read both molds once.
• Listen to 2 examples per mold.
• Say them out loud once.

Normal (10–25 min):
1) Input (3–5 min): Listen + read all examples.
2) Controlled output (3–7 min): Change 2 examples per mold.
3) Free output (3–7 min): Write 2–4 NEW sentences using BOTH molds.
4) Proof (1–2 min): Record 10–15s reading your sentences aloud.
Save as: L067.m4a",SoarSystem::L067
68,"(кто-то) не думает, что…",(someone) doesn't think that…,"Когда (кто-то)…, (кто-то)…","When (someone)…, (someone)…","они не думает, что это реально помогает.",they doesn't think that it really helps.,"ты не думает, что она права?",you doesn't think that she's right.,"он не думает, что это реально помогает.",he doesn't think that it really helps.,"она не думает, что она права.",she doesn't think that she's right.,"я не думает, что мы справимся.",I doesn't think that we'll manage.,"Хотя я устал(а), я всё равно начну.","Although I'm tired, I'll still start.","Как только я начну, станет легче.","As soon as I start, it gets easier.","Пока я ем, мне нужен контент.","While I eat, I need content.","Когда я прихожу домой, я сразу тянусь к телефону.","When I get home, I reach for my phone.","Если получится, я сделаю минимум.","If it works out, I'll do the minimum.","Bad day (≤5 min):
• Read both molds once.
• Listen to 2 examples per mold.
• Say them out loud once.

Normal (10–25 min):
1) Input (3–5 min): Listen + read all examples.
2) Controlled output (3–7 min): Change 2 examples per mold.
3) Free output (3–7 min): Write 2–4 NEW sentences using BOTH molds.
4) Proof (1–2 min): Record 10–15s reading your sentences aloud.
Save as: L068.m4a",SoarSystem::L068
69,"Когда (кто-то)…, (кто-то)…","When (someone)…, (someone)…","Похоже, что…",It looks like…,"Как только я начну, станет легче.","As soon as I start, it gets easier.","Если я начну сейчас, то успею.","If I start now, I'll make it.","После того как я поем, я запишу короткое аудио.","After I eat, I'll record a short audio.","Если получится, я сделаю минимум.","If it works out, I'll do the minimum.","Хотя я устал(а), я всё равно начну.","Although I'm tired, I'll still start.","Похоже, что это нормально.",It looks like it's normal.,"Похоже, что мне нужно больше времени.",It looks like I need more time.,"Похоже, что она права.",It looks like she's right.,"Похоже, что она права.",It looks like she's right.,"Похоже, что это не так страшно.",It looks like it's not that scary.,"Bad day (≤5 min):
• Read both molds once.
• Listen to 2 examples per mold.
• Say them out loud once.

Normal (10–25 min):
1) Input (3–5 min): Listen + read all examples.
2) Controlled output (3–7 min): Change 2 examples per mold.
3) Free output (3–7 min): Write 2–4 NEW sentences using BOTH molds.
4) Proof (1–2 min): Record 10–15s reading your sentences aloud.
Save as: L069.m4a",SoarSystem::L069
70,"(кто-то) реально знает, что…",(someone) really knows that…,"(кто-то) помнит, что…",(someone) remembers that…,"я реально знает, что он просто устал.",I really knows that he's just tired.,"он реально знает, что это хорошая идея.",he really knows that it's a good idea.,"она реально знает, что это реально помогает.",she really knows that it really helps.,"ты реально знает, что мне нужно больше времени.",you really knows that I need more time.,"мы реально знает, что это нормально.",we really knows that it's normal.,"они помнит, что это реально помогает.",they remembers that it really helps.,"ты помнит, что всё зависит от ситуации?",you remembers that it depends on the situation.,"он помнит, что это не так страшно.",he remembers that it's not that scary.,"она помнит, что мы справимся.",she remembers that we'll manage.,"мы помнит, что это не так страшно.",we remembers that it's not that scary.,"Bad day (≤5 min):
• Read both molds once.
• Listen to 2 examples per mold.
• Say them out loud once.

Normal (10–25 min):
1) Input (3–5 min): Listen + read all examples.
2) Controlled output (3–7 min): Change 2 examples per mold.
3) Free output (3–7 min): Write 2–4 NEW sentences using BOTH molds.
4) Proof (1–2 min): Record 10–15s reading your sentences aloud.
Save as: L070.m4a",SoarSystem::L070
71,"(кто-то) реально знает, что…",(someone) really knows that…,Хотя…,Although…,"мы реально знает, что я не хочу спорить.",we really knows that I don't want to argue.,"ты реально знает, что это нормально?",you really knows that it's normal.,"он реально знает, что это хорошая идея.",he really knows that it's a good idea.,"я реально знает, что это нормально.",I really knows that it's normal.,"они реально знает, что это реально помогает.",they really knows that it really helps.,"Хотя я устал(а), я всё равно начну.","Although I'm tired, I'll still start.","После того как я поем, я запишу короткое аудио.","After I eat, I'll record a short audio.","Пока я ем, мне нужен контент.","While I eat, I need content.","Когда я прихожу домой, я сразу тянусь к телефону.","When I get home, I reach for my phone.","Как только я начну, станет легче.","As soon as I start, it gets easier.","Bad day (≤5 min):
• Read both molds once.
• Listen to 2 examples per mold.
• Say them out loud once.

Normal (10–25 min):
1) Input (3–5 min): Listen + read all examples.
2) Controlled output (3–7 min): Change 2 examples per mold.
3) Free output (3–7 min): Write 2–4 NEW sentences using BOTH molds.
4) Proof (1–2 min): Record 10–15s reading your sentences aloud.
Save as: L071.m4a",SoarSystem::L071
72,"(кто-то) наверное понимает, что…",(someone) probably understands that…,"(кто-то) помнит, что…",(someone) remembers that…,"она наверное понимает, что это не так страшно.",she probably understands that it's not that scary.,"мы наверное понимает, что это нормально.",we probably understands that it's normal.,"он наверное понимает, что это нормально.",he probably understands that it's normal.,"я наверное понимает, что это не так страшно.",I probably understands that it's not that scary.,"ты наверное понимает, что я не хочу спорить.",you probably understands that I don't want to argue.,"ты помнит, что он просто устал.",you remembers that he's just tired.,"мы помнит, что это хорошая идея.",we remembers that it's a good idea.,"он помнит, что он просто устал.",he remembers that he's just tired.,"они помнит, что это реально помогает.",they remembers that it really helps.,"она помнит, что всё зависит от ситуации.",she remembers that it depends on the situation.,"Bad day (≤5 min):
• Read both molds once.
• Listen to 2 examples per mold.
• Say them out loud once.

Normal (10–25 min):
1) Input (3–5 min): Listen + read all examples.
2) Controlled output (3–7 min): Change 2 examples per mold.
3) Free output (3–7 min): Write 2–4 NEW sentences using BOTH molds.
4) Proof (1–2 min): Record 10–15s reading your sentences aloud.
Save as: L072.m4a",SoarSystem::L072
73,"(кто-то) не думает, что…",(someone) doesn't think that…,"Пока (кто-то)…, (кто-то)…","While (someone)…, (someone)…","мы не думает, что она права.",we doesn't think that she's right.,"я не думает, что мне нужно больше времени.",I doesn't think that I need more time.,"она не думает, что он просто устал.",she doesn't think that he's just tired.,"ты не думает, что это реально помогает.",you doesn't think that it really helps.,"они не думает, что это реально помогает.",they doesn't think that it really helps.,"Хотя я устал(а), я всё равно начну.","Although I'm tired, I'll still start.","Как только я начну, станет легче.","As soon as I start, it gets easier.","До того как я усну, я сделаю 5 минут.","Before I fall asleep, I'll do 5 minutes.","Пока я ем, мне нужен контент.","While I eat, I need content.","Если получится, я сделаю минимум.","If it works out, I'll do the minimum.","Bad day (≤5 min):
• Read both molds once.
• Listen to 2 examples per mold.
• Say them out loud once.

Normal (10–25 min):
1) Input (3–5 min): Listen + read all examples.
2) Controlled output (3–7 min): Change 2 examples per mold.
3) Free output (3–7 min): Write 2–4 NEW sentences using BOTH molds.
4) Proof (1–2 min): Record 10–15s reading your sentences aloud.
Save as: L073.m4a",SoarSystem::L073
74,"Пока (кто-то)…, (кто-то)…","While (someone)…, (someone)…","(кто-то) не знает, как…",(someone) doesn't know how…,"Когда я прихожу домой, я сразу тянусь к телефону.","When I get home, I reach for my phone.","До того как я усну, я сделаю 5 минут.","Before I fall asleep, I'll do 5 minutes.","Хотя я устал(а), я всё равно начну.","Although I'm tired, I'll still start.","Как только я начну, станет легче.","As soon as I start, it gets easier.","Если я начну сейчас, то успею.","If I start now, I'll make it.","я не знает, как как это сказать по-русски.",I doesn't know how how to say it in Russian.,"они не знает, как как лучше начать.",they doesn't know how how best to start.,"он не знает, как как это сказать по-русски.",he doesn't know how how to say it in Russian.,"она не знает, как как это сказать по-русски.",she doesn't know how how to say it in Russian.,"ты не знает, как как это сказать по-русски.",you doesn't know how how to say it in Russian.,"Bad day (≤5 min):
• Read both molds once.
• Listen to 2 examples per mold.
• Say them out loud once.

Normal (10–25 min):
1) Input (3–5 min): Listen + read all examples.
2) Controlled output (3–7 min): Change 2 examples per mold.
3) Free output (3–7 min): Write 2–4 NEW sentences using BOTH molds.
4) Proof (1–2 min): Record 10–15s reading your sentences aloud.
Save as: L074.m4a",SoarSystem::L074
75,"До того как… , …","Before…, …","(кто-то) реально знает, что…",(someone) really knows that…,"До того как я усну, я сделаю 5 минут.","Before I fall asleep, I'll do 5 minutes.","Хотя я устал(а), я всё равно начну.","Although I'm tired, I'll still start.","Когда я прихожу домой, я сразу тянусь к телефону.","When I get home, I reach for my phone.","Как только я начну, станет легче.","As soon as I start, it gets easier.","После того как я поем, я запишу короткое аудио.","After I eat, I'll record a short audio.","мы реально знает, что он просто устал.",we really knows that he's just tired.,"они реально знает, что мне нужно больше времени.",they really knows that I need more time.,"ты реально знает, что это нормально.",you really knows that it's normal.,"я реально знает, что это реально помогает.",I really knows that it really helps.,"он реально знает, что всё зависит от ситуации.",he really knows that it depends on the situation.,"Bad day (≤5 min):
• Read both molds once.
• Listen to 2 examples per mold.
• Say them out loud once.

Normal (10–25 min):
1) Input (3–5 min): Listen + read all examples.
2) Controlled output (3–7 min): Change 2 examples per mold.
3) Free output (3–7 min): Write 2–4 NEW sentences using BOTH molds.
4) Proof (1–2 min): Record 10–15s reading your sentences aloud.
Save as: L075.m4a",SoarSystem::L075
76,"(кто-то) не знает, как…",(someone) doesn't know how…,"Дело в том, что…",The thing is that…,"она не знает, как как лучше начать.",she doesn't know how how best to start.,"ты не знает, как как лучше начать?",you doesn't know how how best to start.,"мы не знает, как как это сказать по-русски.",we doesn't know how how to say it in Russian.,"он не знает, как как лучше начать.",he doesn't know how how best to start.,"они не знает, как как это сказать по-русски.",they doesn't know how how to say it in Russian.,"Дело в том, что это хорошая идея.",The thing is that it's a good idea.,"Дело в том, что мы справимся.",The thing is that we'll manage.,"Дело в том, что это не так страшно.",The thing is that it's not that scary.,"Дело в том, что мне нужно больше времени.",The thing is that I need more time.,"Дело в том, что он просто устал.",The thing is that he's just tired.,"Bad day (≤5 min):
• Read both molds once.
• Listen to 2 examples per mold.
• Say them out loud once.

Normal (10–25 min):
1) Input (3–5 min): Listen + read all examples.
2) Controlled output (3–7 min): Change 2 examples per mold.
3) Free output (3–7 min): Write 2–4 NEW sentences using BOTH molds.
4) Proof (1–2 min): Record 10–15s reading your sentences aloud.
Save as: L076.m4a",SoarSystem::L076
77,Хотя…,Although…,"Пока (кто-то)…, (кто-то)…","While (someone)…, (someone)…","Хотя я устал(а), я всё равно начну.","Although I'm tired, I'll still start.","Если получится, я сделаю минимум.","If it works out, I'll do the minimum.","Когда я прихожу домой, я сразу тянусь к телефону.","When I get home, I reach for my phone.","До того как я усну, я сделаю 5 минут.","Before I fall asleep, I'll do 5 minutes.","Если я начну сейчас, то успею.","If I start now, I'll make it.","После того как я поем, я запишу короткое аудио.","After I eat, I'll record a short audio.","До того как я усну, я сделаю 5 минут.","Before I fall asleep, I'll do 5 minutes.","Если я начну сейчас, то успею.","If I start now, I'll make it.","Как только я начну, станет легче.","As soon as I start, it gets easier.","Когда я прихожу домой, я сразу тянусь к телефону.","When I get home, I reach for my phone.","Bad day (≤5 min):
• Read both molds once.
• Listen to 2 examples per mold.
• Say them out loud once.

Normal (10–25 min):
1) Input (3–5 min): Listen + read all examples.
2) Controlled output (3–7 min): Change 2 examples per mold.
3) Free output (3–7 min): Write 2–4 NEW sentences using BOTH molds.
4) Proof (1–2 min): Record 10–15s reading your sentences aloud.
Save as: L077.m4a",SoarSystem::L077
78,"(кто-то) не знает, как…",(someone) doesn't know how…,"Дело в том, что…",The thing is that…,"ты не знает, как как лучше начать.",you doesn't know how how best to start.,"я не знает, как как лучше начать.",I doesn't know how how best to start.,"он не знает, как как лучше начать.",he doesn't know how how best to start.,"она не знает, как как это сказать по-русски.",she doesn't know how how to say it in Russian.,"мы не знает, как как лучше начать.",we doesn't know how how best to start.,"Дело в том, что она права.",The thing is that she's right.,"Дело в том, что это реально помогает.",The thing is that it really helps.,"Дело в том, что это хорошая идея.",The thing is that it's a good idea.,"Дело в том, что мы справимся.",The thing is that we'll manage.,"Дело в том, что это нормально.",The thing is that it's normal.,"Bad day (≤5 min):
• Read both molds once.
• Listen to 2 examples per mold.
• Say them out loud once.

Normal (10–25 min):
1) Input (3–5 min): Listen + read all examples.
2) Controlled output (3–7 min): Change 2 examples per mold.
3) Free output (3–7 min): Write 2–4 NEW sentences using BOTH molds.
4) Proof (1–2 min): Record 10–15s reading your sentences aloud.
Save as: L078.m4a",SoarSystem::L078
79,"(кто-то) не думает, что…",(someone) doesn't think that…,Хотя…,Although…,"они не думает, что мы справимся.",they doesn't think that we'll manage.,"ты не думает, что это реально помогает?",you doesn't think that it really helps.,"мы не думает, что это хорошая идея.",we doesn't think that it's a good idea.,"она не думает, что она права.",she doesn't think that she's right.,"я не думает, что я не хочу спорить.",I doesn't think that I don't want to argue.,"После того как я поем, я запишу короткое аудио.","After I eat, I'll record a short audio.","Хотя я устал(а), я всё равно начну.","Although I'm tired, I'll still start.","До того как я усну, я сделаю 5 минут.","Before I fall asleep, I'll do 5 minutes.","Если я начну сейчас, то успею.","If I start now, I'll make it.","Если получится, я сделаю минимум.","If it works out, I'll do the minimum.","Bad day (≤5 min):
• Read both molds once.
• Listen to 2 examples per mold.
• Say them out loud once.

Normal (10–25 min):
1) Input (3–5 min): Listen + read all examples.
2) Controlled output (3–7 min): Change 2 examples per mold.
3) Free output (3–7 min): Write 2–4 NEW sentences using BOTH molds.
4) Proof (1–2 min): Record 10–15s reading your sentences aloud.
Save as: L079.m4a",SoarSystem::L079
80,Хотя…,Although…,"(кто-то) не думает, что…",(someone) doesn't think that…,"Как только я начну, станет легче.","As soon as I start, it gets easier.","Хотя я устал(а), я всё равно начну.","Although I'm tired, I'll still start.","Если получится, я сделаю минимум.","If it works out, I'll do the minimum.","Если я начну сейчас, то успею.","If I start now, I'll make it.","После того как я поем, я запишу короткое аудио.","After I eat, I'll record a short audio.","мы не думает, что это хорошая идея.",we doesn't think that it's a good idea.,"ты не думает, что это нормально?",you doesn't think that it's normal.,"они не думает, что она права.",they doesn't think that she's right.,"она не думает, что это не так страшно.",she doesn't think that it's not that scary.,"я не думает, что она права.",I doesn't think that she's right.,"Bad day (≤5 min):
• Read both molds once.
• Listen to 2 examples per mold.
• Say them out loud once.

Normal (10–25 min):
1) Input (3–5 min): Listen + read all examples.
2) Controlled output (3–7 min): Change 2 examples per mold.
3) Free output (3–7 min): Write 2–4 NEW sentences using BOTH molds.
4) Proof (1–2 min): Record 10–15s reading your sentences aloud.
Save as: L080.m4a",SoarSystem::L080
81,"Пока (кто-то)…, (кто-то)…","While (someone)…, (someone)…","(кто-то) не думает, что…",(someone) doesn't think that…,"Когда я прихожу домой, я сразу тянусь к телефону.","When I get home, I reach for my phone.","Пока я ем, мне нужен контент.","While I eat, I need content.","До того как я усну, я сделаю 5 минут.","Before I fall asleep, I'll do 5 minutes.","Если я начну сейчас, то успею.","If I start now, I'll make it.","Если получится, я сделаю минимум.","If it works out, I'll do the minimum.","они не думает, что это хорошая идея.",they doesn't think that it's a good idea.,"ты не думает, что это нормально?",you doesn't think that it's normal.,"он не думает, что я не хочу спорить.",he doesn't think that I don't want to argue.,"мы не думает, что это реально помогает.",we doesn't think that it really helps.,"я не думает, что мы справимся.",I doesn't think that we'll manage.,"Bad day (≤5 min):
• Read both molds once.
• Listen to 2 examples per mold.
• Say them out loud once.

Normal (10–25 min):
1) Input (3–5 min): Listen + read all examples.
2) Controlled output (3–7 min): Change 2 examples per mold.
3) Free output (3–7 min): Write 2–4 NEW sentences using BOTH molds.
4) Proof (1–2 min): Record 10–15s reading your sentences aloud.
Save as: L081.m4a",SoarSystem::L081
